2945000108,100% ALGODON
2415070102,100% ALGODON
276FDN,100% ALGODON
276EDL,100% ALGODON
286594,100% ALGODON
2865F4,100% ALGODON
276JDG,100% ALGODON
276FDH,100% ALGODON
286056,100% ALGODON
276GDS,100% ALGODON
296002,100% ALGODON
2945000103,100% ALGODON
2767JU,100% ALGODON
296001,100% ALGODON
2415000107,100% ALGODON
2415000119,100% ALGODON
2865B4,100% ALGODON
276FDE,100% ALGODON
2867AE,100% ALGODON
286586,100% ALGODON
2867QK,100% ALGODON
28668C,100% ALGODON
2415000121,100% ALGODON
286055,100% ALGODON
2865S4,100% POLIESTER
286544,100% POLIESTER
286437,100% POLIESTER
286300,100% POLIESTER
286CVG,40% BAMBOO - 60% POLIESTER
2765TU,40% LATEX - 60% BLANCO
276KTU,40% LATEX - 60% FIBRA
2862T3,50% BAMBOO - 50% ALGODON
2945000005,50% BAMBOO - 50% ALGODON
27654U,50% LATEX - 50% FIBRA
2862Y3,60% BAMBOO - 40% VISCO
2860Z2,ACTIBIO
2860I6,ALGODON - POL - HILO CARBONO
2867II,ALGODON - POL - HILO CARBONO
286213,BAMBOO
276DKV,ESPUMA VISCOLASTIC
2863VN,EUROSOYA
286ECD,EUROSOYA
276F8N,FIBRA
2415000110,FIBRA
276FSH,FIBRA
276FSE,FIBRA
4424050001,GEL
418102,GEL
8008,GEL
286878,HILO
286011,HILO
276DCV,HILO
276GCX,HILO
276DCU,HILO
2868D8,HILO
2768IQ,IGNIFUGA
2767IH,IGNIFUGA
2866HI,LATEX
2866HJ,LATEX
286G010001,LATEX
4434020001,LATEX
4434020002,LATEX
2765AU,LATEX
27658U,LATEX
418101,LATEX
276KCU,LATEX
8010,LATEX
8011,LATEX
8002,LATEX
8001,LATEX
286KJI,LATEX
286CCG,LUMBAR VISCOSOYA IBISBAMBOO
418303,MEMOGEL CONTOUR
276LFY,MICROFIBRA
276FFL,MICROFIBRA
286022,ORGANICO
400101,PLUMA
400201,PLUMA
2869UL,POLIALGODON
2415000209,POLIALGODON
286370,PRO RUNNER OXYGEL
286F20,SERTA LUXURY
418201,VISCO
296384,VISCO
2434010001,VISCO
286DW1,VISCO
2863V1,VISCO
296343,VISCO
2434010002,VISCO
418302,VISCO
418301,VISCO
2434000005,VISCO
286DMA,VISCO
418004,VISCOELASTIC
418005,VISCOELASTIC
418011,VISCOELASTIC
418008,VISCOELASTIC
418007,VISCOELASTIC
418003,VISCOELASTIC
286DK1,VISCOELASTIC
418010,VISCOELASTIC
418001,VISCOELASTIC
418012,VISCOELASTIC
2865PD,VISCOSOYA
286D0B,VISCOSOYA
2863CB,VISCOSOYA
276DNA,VISCOSOYA
286D0A,VISCOSOYA
2863CA,VISCOSOYA
286A0D,VISCOSOYA
286ACD,VISCOSOYA