13272697,Birdie,Keller,Foli Junction 234,2928811
73839757,George,Harvey,Bimheb Plaza 949,4894439
78548173,Iva,Colon,Iwogel Manor 822,978437718
65362043,Bertie,Pena,Pine Terrace 443,6644216
31789373,Clara,Sutton,Riuz Pass 454,916513476
71174082,Russell,McDaniel,Devzi Boulevard 717,945193762
27199765,Nellie,Gilbert,Pawul Extension 146,917766337
68084235,Michael,Henry,Kiar Heights 272,4752784
17137190,Gerald,Caldwell,Noowa Grove 325,4758828
19324963,Bertha,Hogan,Fonpe Mill 661,976418211
46635783,Isaiah,Klein,Raes Court 286,5281814
56240711,Joseph,Neal,Ihiur Glen 422,3514332
6402026,George,Kim,Vaemu Extension 665,955146133
32531951,Dollie,Silva,Jelri Key 386,2447483
50865319,Olga,Bradley,Jenu Pass 081,2986421
51906328,Lucile,Blair,Tesi Center 356,2214265
58297580,Estella,Obrien,Iguosi Square 251,3514814
76249533,Landon,Quinn,Lafib Loop 255,3912486
22650844,Lettie,Snyder,Diori Highway 341,3147141
91217897,Henrietta,George,Dedac Center 821,948574844
75672728,Lawrence,Turner,Vore Pike 048,913323854
88833465,Isaac,Roy,Jechif Place 061,3783661
28911064,Ray,Miller,Kucev Court 615,998627747
64789566,Rebecca,Owens,Sitof Path 223,3476194
21529117,Eula,Frazier,Ibivek Boulevard 919,5668741
64674663,Leroy,Reese,Kani Avenue 356,941767214
24538413,Augusta,Vasquez,Kaepe Parkway 220,942539474
66016081,Martin,Baker,Eheud Center 551,4731885
23056074,Leo,Joseph,Haga Parkway 142,969647468
7454040,Curtis,Frank,Huji Circle 817,996384145
24927141,Ronald,Wood,Puhi Point 948,941467198
86231058,Corey,Peterson,Vurew Place 968,929666912
60221303,Lula,Carson,Heuso Point 297,5581655
5196976,Willie,Phelps,Manwub Place 525,964538373
23145699,Estella,Chandler,Ogkin Grove 880,5326992
20648901,Walter,Wade,Wige Boulevard 138,953782898
45460306,Gussie,Drake,Neleci Glen 810,991168934
2062565,Linnie,Brown,Lekos River 588,2966159
50718830,Jason,Walsh,Elon Glen 734,925857888
67267410,Hester,Wolfe,Tuziz Turnpike 557,979955616
37254320,Derrick,Bradley,Dome Street 607,2537167
44729879,Augusta,Potter,Duibe Heights 920,941898578
30211472,Ethan,Buchanan,Hetod Center 467,2244398
26730521,Oscar,Snyder,Udiju Court 931,979738255
56089225,Marguerite,Douglas,Funri Street 352,4462662
4780924,Hettie,Frazier,Taweb Manor 812,2919744
22485243,Connor,Pope,Iwajo View 862,6859441
82311769,Landon,Wilkerson,Vetwe Key 130,4846722
57364817,Ann,Knight,Eduvew Turnpike 006,949764527
45163312,Bradley,Shelton,Puruma Terrace 728,4211416
97472473,Luis,Chavez,Hevi Center 095,2313616
13799912,Genevieve,Bennett,Zeule Junction 471,5233818
52717543,Angel,Kim,Omika Turnpike 436,985755991
80062180,Barbara,Logan,Weki Boulevard 197,948317775
14267208,Rodney,Floyd,Kefuv Highway 107,919747572
83372796,Kathryn,Stevens,Ahuru Key 616,935464831
71284007,Chase,Malone,Suepu Circle 184,941169871
89059926,Luella,Hunter,Sisor Highway 564,981814727
23763354,Beulah,Barrett,Gehi Park 818,6887271
40201793,Sue,Morales,Susug River 810,3222857
51280577,Bryan,Stokes,Modboj Park 385,4338415
14886117,Laura,Tucker,Wazu View 098,4658773
78464116,Lucinda,Hardy,Jotez Loop 477,3622543
9586787,Edward,Schneider,Suhaf Pass 399,6736239
64549532,Sallie,Beck,Avjiv Key 600,947132872
37450360,Lucy,Gibson,Gaso Grove 507,916821836
95832851,Willie,Pittman,Jigo Pike 245,5715251
90949835,John,Rodriguez,Hoduz Grove 640,993724897
28525854,Marguerite,Mitchell,Nikte Key 087,937361394
30884235,Don,Aguilar,Jemze Avenue 877,3756573
61955226,Jeffery,Cortez,Hapug River 251,973433571
59117651,Randy,Graves,Dedhoz Glen 249,4717934
44444515,Martin,Frank,Dore Square 078,949274444
16208215,Alma,Reynolds,Tanaw Plaza 659,3382687
6530546,Albert,Daniel,Hisu Drive 960,958742448
26034581,Ollie,Obrien,Leme Plaza 413,962811931
78398330,Evan,Summers,Gimi Terrace 013,2478391
81827591,Mayme,Nichols,Locem Boulevard 912,967639678
39676797,Sadie,Frank,Cute Extension 337,947225197
58127138,Shane,Gonzales,Cekvaw Boulevard 688,915131551
77397967,Mark,Chapman,Pidil Mill 491,4597549
25292223,Lora,Floyd,Coce Loop 577,913721882
6529467,Luella,Lowe,Riksa Plaza 245,6294565
98561410,Rosa,Kelley,Horu Grove 927,6941486
88266335,Alfred,Sullivan,Litod Avenue 907,4815868
5057444,Etta,Webster,Mecu Lane 325,962813152
94511236,Glenn,Peterson,Huvek Boulevard 119,998714915
69154409,Vera,Ellis,Wafli Way 497,981366233
254791,Minerva,Lopez,Gumiv Boulevard 603,3156568
74927928,Alta,Cross,Vaghok Mill 687,933364764
87442389,Lura,Lynch,Edupo Glen 047,4381322
81255831,Larry,Soto,Asmi Circle 866,966736534
45440104,Derek,Burns,Wamer Point 653,938715682
81688363,Fanny,Maxwell,Sapip Pass 733,6586413
19721036,Charles,Cooper,Mafus Path 321,6895468
52739559,Don,Wolfe,Wopfic Grove 753,5122588
8636799,Ivan,Ortega,Kugel Manor 056,945698675
69856153,Tyler,Reeves,Jamtu Pass 132,5622986
10697152,Alex,Barker,Ewied Avenue 005,5517687
42602894,Arthur,Schultz,Apkav Ridge 812,919434478
87376756,George,King,Gizav Point 281,5946543
87601164,Alfred,Robinson,Nokrok Avenue 172,4474382
84862981,Lilly,French,Kozma Manor 218,3611488
38768145,George,Reese,Lufgu Square 382,992768485
78125145,Calvin,Mason,Voras Court 577,938451218
48687627,Myra,Owen,Gowzuf View 652,6778911
77556897,Albert,Hogan,Zewa Path 392,926611284
90148194,Chad,Poole,Hokgah Heights 312,6485284
52866664,Jeremy,Peters,Felo Park 674,943712538
38540530,Inez,Craig,Ulja Plaza 979,985744218
70933962,Ian,McDonald,Difawa Street 165,6689814
91557437,Mayme,Wade,Deeju Key 994,5177422
51733607,Myrtle,Willis,Sizefi Avenue 984,4756643
90816182,Marcus,Richardson,Fiti Drive 455,5197393
2984268,Dennis,Williams,Jamgot Turnpike 312,914664934
9502171,Ellen,Schmidt,Vouhu Path 853,2564547
37929133,Katherine,McDonald,Teega Path 268,969592457
11567161,Douglas,Black,Ohmej Junction 462,6228393
82232422,Chase,Owens,Moblu Point 797,956285792
34658080,Susie,Banks,Holel Plaza 805,949867511
85209508,Leah,Carpenter,Kapcos Highway 372,3618512
70017686,Beulah,King,Facvop Grove 407,6898297
70074080,Edna,Bradley,Fabog Plaza 035,938121658
3943407,Caroline,Simpson,Bedmel View 065,997373661
13047673,Lawrence,Cole,Kemef Junction 937,4839572
72368819,Kevin,Cook,Tihiz Terrace 001,968344299
69802744,Scott,Rodriguez,Wanjih Street 135,976955575
65106374,Devin,Weber,Rigwi Extension 702,946616527
32895007,Marvin,Baldwin,Araar Pike 732,994274463
59875222,Gavin,Stone,Etugel Lane 582,978523739
44206472,Hulda,Carroll,Abpom Loop 714,928585442
54910387,Eddie,Foster,Nemo Drive 818,2351273
18085356,Ian,McDaniel,Kuhim Mill 828,964914897
86478211,Nina,Castro,Sobeb Highway 508,934571431
88137490,Sallie,Sharp,Guno View 805,5938328
28867985,Anthony,Pratt,Zuta Parkway 003,932657311
92057578,Garrett,Sims,Imka Pass 329,924869454
88296993,Myrtle,Bowers,Vaini Drive 271,916529314
56288740,Seth,Sutton,Tagah Plaza 175,2956163
2409107,Jack,Barton,Seba Heights 670,994779881
45750381,Miguel,Wong,Juhe Road 418,3763912
62899972,Leila,Byrd,Femhe Junction 812,5825796
53098400,Kyle,Graves,Cumu Square 686,2423624
94725896,Jorge,Matthews,Kaefa Heights 752,2689653
64153401,Hettie,Austin,Gokju Ridge 176,6346297
96845635,Ethel,Holloway,Hebas Glen 700,967775333
66198036,Edgar,Moody,Vooj Street 927,972233411
60558896,Addie,Willis,Jerna Avenue 431,3498251
13226562,Edna,Welch,Tujle Glen 052,963877273
86039133,Bruce,Gonzales,Zoboj Glen 036,986973691
26547348,Maud,Norris,Cuna Way 650,3485869
12870974,Lillian,Fitzgerald,Peifu Manor 987,974217219
93095924,Lora,Reid,Nese Loop 112,3641552
87844314,Trevor,Swanson,Lawrug Street 989,5773496
28326914,Effie,Farmer,Monib Road 880,2681366
64812564,Alta,Jensen,Uwawo Pike 405,5771491
85566280,Harold,Lyons,Daju Boulevard 255,914473689
35219523,Bessie,Hicks,Magat Court 200,6485498
32823361,Isabella,Delgado,Zevkaj Way 986,6644564
16515123,Peter,Daniel,Bidli Plaza 147,935154447
97233152,Dominic,Pierce,Kivez Street 375,6851764
58575445,Cornelia,Higgins,Zosij River 278,949187246
60924484,Cecelia,Wallace,Abuku Pike 052,4725361
91746217,Leo,Stanley,Kopez Path 474,6256943
11159788,Julia,Fitzgerald,Bozej Path 189,4939355
655373,Elizabeth,Keller,Ruvdo Road 647,6671493
59359314,Birdie,Floyd,Jelwu Pike 489,5537812
39793616,Phoebe,Schultz,Kezuka Key 311,3895641
39074919,Sara,Lane,Sejod Point 149,2375671
70940349,Jesse,Torres,Jegsuc Parkway 012,947251579
23610432,Maurice,Rose,Notef Center 775,6675222
7946990,Sean,Hines,Gepeh Boulevard 282,945791978
153300,Dennis,Frazier,Nifveh Grove 672,4611938
27797867,Chase,Johnston,Kocuc Court 350,3799662
75313636,Addie,Ellis,Zuksoz Extension 507,935318385
89114762,Ora,Hardy,Povhim Terrace 328,4395877
92271225,Joel,Potter,Sarij View 752,929936958
82023625,Joshua,Mann,Ikasev Glen 462,2571266
77966252,Jon,Ball,Odtul Terrace 151,5399162
65901997,Lily,Baker,Likrad Loop 090,978398727
80266427,Elijah,Singleton,Ginge Terrace 568,957826762
28678334,Michael,Morales,Kaplec View 618,916456661
14969451,Louise,Vasquez,Sicol Point 691,993678987
37244538,Sally,Stevenson,Voral Terrace 011,918782567
57250830,Stanley,Erickson,Wecuv Heights 354,953173669
99432604,Lula,Fisher,Lifi Plaza 887,916275673
93834917,Elnora,Gray,Pokbib Extension 924,6662588
27472489,Leah,Chapman,Ekada Park 056,974343762
48926081,Oscar,Lambert,Risul Court 101,6197995
63283295,Verna,Pena,Ajapo Park 733,5672634
10244080,Claudia,Stevenson,Miha Mill 155,965893538
55343081,Kenneth,Bridges,Ebiav Manor 328,975646929
75511970,Joe,Adkins,Mibri Manor 562,5634375
13430683,Bertie,Carr,Wasik Key 314,4793915
25499412,Jerry,Holland,Nurkon Glen 762,2736274
85567142,Adeline,Grant,Utva Pike 730,4792131
56015809,Gordon,Flores,Vegti View 381,4573319
39854186,Minnie,Wagner,Jutu Road 295,6216419
7450604,Tommy,Terry,Houz Street 227,3493213
1707767,Linnie,Gordon,Icvi Pike 542,974625499
43786700,Ronald,Rivera,Tepfi Key 761,2575186
32988910,Cecilia,Fowler,Coifo Boulevard 008,5738913
38185023,Bruce,Romero,Fofel Avenue 167,975261859
66909660,Glen,Castro,Ahtov Street 096,2328597
75137653,Evelyn,Singleton,Jikag Parkway 345,926617796
30677299,Mittie,Patrick,Baid Way 150,931824585
43450172,Cecilia,Lawson,Neef Turnpike 786,5117946
9863852,Lucile,Jenkins,Cogdi Turnpike 399,929617979
86738937,Emma,Watkins,Mifih Heights 865,5628314
45759809,Carlos,Manning,Ogoru Highway 783,922995836
71612300,Erik,Evans,Atim Terrace 704,5344927
62360903,Christopher,Guzman,Jahel Pass 760,918984653
39878138,Alvin,Santos,Vaca Square 127,6631412
64072032,Alvin,Perkins,Atmi Mill 465,955996723
13861803,Ophelia,George,Odfud Mill 198,977514171
32509041,Jorge,Bell,Ivoco Plaza 554,4512228
43782821,Stella,Luna,Domzin Park 023,6362351
96941296,Roy,Park,Ralis Highway 934,927952694
68883787,Lola,Powell,Fakur Loop 804,976295758
5074410,Sara,Adams,Egco Center 701,2831521
97397346,Barbara,Park,Puapo Highway 401,997493947
18421450,Elizabeth,Hodges,Owoba Grove 771,945671593
75542210,Addie,Payne,Igoemu Extension 800,965991416
13298781,Dylan,Guzman,Irli Key 254,2886781
56529511,Aaron,Kelly,Rokeca Turnpike 929,5359629
35608498,Katherine,Davidson,Rufure Street 321,5482665
98391185,Mittie,Tate,Pazuc Park 701,963893761
9155758,Anne,Jones,Huevo Extension 004,955619758
7524541,Luke,Arnold,Emka Park 020,2126126
52834786,Vincent,Cortez,Egra Place 367,6951567
7633587,Rachel,Moore,Jipiz Place 637,914197387
48208830,Amy,Vargas,Roszu Point 350,2165997
49793243,Agnes,Dean,Bujta Plaza 624,994836579
34806211,Bobby,Coleman,Biliv Court 808,934494949
10513915,Claudia,McDonald,Suzvez Park 917,984953324
67731801,Amelia,Barnes,Jibowu Court 641,6481341
36830211,Christopher,Clark,Gubi Avenue 698,957359987
98386293,Marie,Chambers,Zezo Pass 539,938481519
19052991,Francisco,Drake,Bubic Boulevard 236,933142254
94434568,Joseph,Valdez,Aprur Turnpike 767,949765263
5397487,Troy,Neal,Coko Center 934,3672264
17864013,Trevor,Jennings,Nowmi Key 923,981259827
68299960,Beulah,Taylor,Nihgob Point 346,991984281
67872712,Billy,McBride,Rippor Center 772,935831818
7125157,Jesse,Obrien,Hekvig Glen 310,3612679
7168874,Carl,Miller,Zifab Pass 961,3466585
43831611,Brian,McCoy,Aztuc Plaza 465,945433364
93507095,Lelia,Rhodes,Zogwip Pass 657,6589714
88992806,Isabella,Lamb,Ebir Way 360,4692391
96092207,Mollie,Holt,Haepa Terrace 696,4531442
88106109,Jayden,Boone,Fazme Center 357,968672892
51168125,Sylvia,Harvey,Medbam Manor 730,981831414
27728984,Ann,Gordon,Wocke Place 110,5365458
83888944,Jean,Barrett,Jijmo Plaza 569,3563661
26766246,Johnny,Massey,Dupjig View 500,951596472
5273775,Gary,Park,Foju Square 444,3335361
50720950,Gerald,King,Jatgek Ridge 784,3259915
82540285,Randy,Dean,Bitak Grove 846,965196919
36597528,David,Townsend,Gipim Grove 323,986579132
18592086,Connor,Graves,Havari Pass 125,987641814
73363988,Kevin,Maldonado,Uvju Lane 754,933856128
71441995,Jeremiah,Bryant,Rezfi Grove 650,4778865
20000511,Donald,Watkins,Dukuf Pike 051,3281272
71925645,Maurice,McCormick,Huna Ridge 704,5441927
4373953,Hallie,Robinson,Vada Court 141,966612524
63242052,Curtis,Munoz,Tawa Plaza 966,3815636
23762180,Corey,Pittman,Lisner Square 235,991991577
68799545,Elmer,Summers,Ucku Drive 709,949568441
56911549,Norman,Fletcher,Epaci Parkway 956,3157796
22508034,Mary,Diaz,Gicos Loop 211,6482663
51449532,Ann,Adams,Woco Parkway 789,936259184
10159429,Lora,Peterson,Lidkuv Lane 189,975569737
4450382,Rosie,Mendez,Dozo Loop 270,3779162
41916936,Maggie,Perry,Ezuka River 529,927396819
8880448,Nettie,Harrison,Dibme Pike 591,6157698
16210896,Andre,Hardy,Lurew Street 587,989744763
5005148,Ora,Warner,Panjub Glen 208,6967185
59401854,Owen,Jones,Meto Park 071,6616647
82875876,Harriet,Copeland,Zopbu Manor 095,917449427
10069593,Calvin,Sparks,Redrat Drive 478,926436735
68548725,Mayme,Peters,Ihoge View 558,966599277
6317212,Katharine,Boone,Zehuvu View 705,942897782
43320778,Catherine,Gordon,Lafi Pass 317,992553177
17757940,Timothy,Santiago,Haus Square 328,985978231
30888564,Ora,Gordon,Foit Mill 103,4796527
50381386,Douglas,Weaver,Ilena Drive 571,6328986
51900787,Esther,Rivera,Declep Road 933,997529451
63612004,Jeremy,Farmer,Paja Grove 922,965654268
60889855,Harry,Garza,Cupno Street 883,3162183
29828000,Bradley,Cox,Ridza Plaza 132,3172739
22537041,Joel,Hicks,Zageg Center 152,947523128
59790697,Lillie,Richardson,Liro River 579,911519875
68676540,Herman,Klein,Rirkap Avenue 901,6922549
51145621,Eva,Fleming,Sopofu Loop 932,987193161
24457537,Chase,Willis,Zogja Court 371,928741584
84064088,Mable,Oliver,Telvod Boulevard 358,933186555
93568391,Joe,Osborne,Tegi Junction 921,921526498
6465482,Hallie,Arnold,Tilar Glen 180,3774859
48732121,Gilbert,Hawkins,Jejbom Heights 129,5498196
32955035,Maurice,Flores,Budzu Way 700,3823967
2584455,Vincent,Hall,Iszef Square 950,974151559
33226705,Cecelia,Buchanan,Kuwbim Turnpike 059,957437479
88191888,Matthew,Bridges,Idide Court 698,978426562
115952,Warren,Wade,Kaze Heights 464,4618258
91322174,Ralph,George,Suoj Square 034,934419832
6929266,George,Fitzgerald,Volez Path 260,2339429
55061392,Trevor,Thompson,Rigsit River 640,957825693
87652783,Raymond,Potter,Hihza View 882,3612593
18857880,Kevin,Dixon,Labzo Point 418,3515645
29746025,Lina,Swanson,Jecji Park 066,3485581
94741783,Pearl,Price,Wahnu Key 057,953212441
70377162,Calvin,McLaughlin,Udta Circle 794,5634531
20983932,Leila,Vega,Pudme Glen 427,944899882
67176144,Seth,Malone,Monog Parkway 639,5514721
80275692,Virgie,Sherman,Moico Mill 519,3635185
3589048,Steve,Lynch,Emtum Mill 258,6671344
85790898,Hattie,Salazar,Makuw Square 853,5514179
32833057,Randy,Singleton,Zukde Boulevard 140,958299471
71783283,Fred,Franklin,Peoje Court 519,6285788
57023524,Katie,Nguyen,Cuzelu Mill 009,918153679
48038642,Maude,Francis,Bade View 044,3477928
12123611,Johanna,Park,Nodupo Extension 680,6419482
56562074,Oscar,Green,Rehdan Ridge 009,947726438
65745321,Cynthia,Joseph,Cokci Glen 550,3873751
69365186,Ralph,Harrison,Uwcu Path 094,2963121
96418649,Dennis,Carlson,Jusfo Highway 254,6243471
9415292,Phillip,Todd,Hakmiw Extension 218,6518495
18865182,Bernard,Rodriquez,Urhat View 816,5399936
3975466,Ella,Sherman,Gisjij Loop 498,986665745
61169229,Eunice,Myers,Ohovok Street 230,953851895
9621334,Lucinda,Figueroa,Kezzi Pike 684,987784551
28731592,Katherine,Zimmerman,Jowac Pass 223,942949522
33886611,Elizabeth,Fowler,Duzuvo Park 882,984762241
99462010,Blake,Jenkins,Beram Pass 433,911682328
17298678,Mario,Campbell,Guoz Pike 025,959797481
15968265,Jesus,Matthews,Mooca Loop 679,952891149
97265336,Nicholas,Farmer,Jupodi Place 909,4272584
46204753,Scott,Kim,Tota Key 668,3239794
44713841,Shane,Conner,Epazu Lane 170,931769642
755169,Logan,Lane,Pofiz Loop 657,916874467
27230087,Victor,Fuller,Urbol Extension 488,986327684
61583972,Marie,Todd,Babup Mill 325,925189526
46787587,Luke,Harrison,Venpah Point 739,936711243
31381479,Bruce,Gilbert,Itiraf Path 461,912591126
32541597,Glen,Lambert,Luru Circle 815,5736336
3395467,Owen,Newton,Mana Park 633,5292585
43371377,Ivan,Green,Oweme View 031,917114638
79984015,Belle,Rogers,Povewo Drive 045,3498579
3785830,Esther,Bass,Tuvotu Terrace 257,986953172
98107728,Justin,Wagner,Weha Highway 699,5264925
35024161,Gary,Ramsey,Sebom Street 394,959312598
89287660,Derrick,Padilla,Ekuwit Pass 943,987313977
41108004,Nathan,Miles,Cihtot Boulevard 488,3569739
16898280,Teresa,Hart,Ukeke Loop 874,2997185
93916882,Hettie,Lynch,Duji View 876,929942491
72231412,Jordan,Gill,Tapji Path 450,986538913
9172955,Maurice,Thornton,Danhes Heights 705,2712912
18348821,Hunter,Spencer,Fujpa View 909,3345273
37796177,Landon,Hampton,Koba Ridge 391,2888518
89690028,Violet,Garrett,Lilo Glen 675,2835925
3950560,Bryan,Wilson,Nucri Center 815,3961811
98234260,Cora,Parsons,Zibes Plaza 185,2594481
9679697,Iva,Price,Sokbi Junction 011,4339837
5884795,Mae,Burke,Wugim Avenue 291,5881334
75605070,Edwin,Porter,Zefbi Boulevard 052,918136588
24201033,Augusta,Howell,Febi Glen 781,973567624
17984201,Elnora,Dawson,Idloj Place 133,2183223
32060657,Jesus,Little,Mokmeg Pass 747,4567256
49049938,Clyde,Kim,Uresa Pike 232,998553613
5133287,Lucille,Houston,Fumhiw Key 668,977612271
33082380,Hettie,Lindsey,Paparu Drive 205,6399142
57278788,Cory,Banks,Piva Drive 453,967981232
3672705,Eric,Barnett,Leesu Place 272,949979185
13506208,Herbert,Morales,Woel Place 192,987587723
2731827,May,Baker,Mesfi Manor 154,3396652
94777467,David,Mills,Cabmo Parkway 458,917648461
98031915,Devin,Carpenter,Wuhu Pike 643,4623218
34220115,Georgia,Shaw,Athuc Terrace 991,989498528
88927969,Ethel,Wade,Abiuc Key 500,6931756
30840785,Mabel,Campbell,Sezu River 397,998699676
40072635,Landon,Mendez,Coir Square 221,3559683
23581299,Alfred,Patton,Ojiru Pass 052,933271955
95633573,Robert,Webster,Ticuv Avenue 760,913871569
38056374,Sophia,Vaughn,Sevoh Road 317,952211234
13719733,Jonathan,Barton,Wovak Pike 936,912899217
15948475,Ronald,McBride,Sujmu Key 134,4628241
40343594,Johnny,Dean,Gije Square 442,932637278
1289515,Marc,Bailey,Feba Turnpike 969,3899716
38834734,Lloyd,Sanders,Vezoz Lane 638,921818114
78191629,Martha,Manning,Vounu View 117,5773443
4541598,Marc,Blair,Ared Loop 080,4875516
67732238,Charles,Greene,Silen Street 398,922584619
54680825,Jason,Carson,Saloc Street 121,977976544
67670137,Ivan,Stephens,Lugma Circle 679,988246787
46679758,Brian,Chavez,Emubi Glen 396,995583582
36956802,Barry,Patrick,Apbi Glen 168,928214816
37435140,Leroy,Byrd,Nezwar Pike 498,5987616
88146445,Elsie,Bell,Ucefik Mill 058,5294987
96108147,Katie,Weber,Vohe Key 148,6588183
98438869,Iva,Copeland,Medha Lane 229,4219416
65902194,Mario,Higgins,Gawla Pike 582,953278413
97316281,Danny,Cruz,Pusovo Key 366,936635976
54625058,Noah,Pope,Ebowap River 804,2785115
26508465,Donald,Payne,Dija Place 318,3562593
41061074,Cora,Valdez,Uzogi Extension 575,6265456
86995711,Sallie,Bass,Facfip Road 078,974189621
93315478,Lettie,Webb,Atora Place 019,965465329
27651757,Ida,Parks,Casari Key 559,6494336
37399011,Anne,Chambers,Torza Ridge 260,974259924
32234110,Amelia,Bennett,Nebig Pass 745,994573457
13688511,Anthony,King,Gudjap Trail 777,978142294
73363124,Eleanor,Silva,Tiktap Avenue 970,6589812
11546851,Eugene,Powell,Takhad Key 051,4456362
40126016,Sam,Frank,Cezej Parkway 314,4256932
94713779,Millie,Lucas,Dibjas Junction 991,935438651
746108,Irene,Rodgers,Gunop Street 395,4285614
60675339,Jason,Guzman,Basji Drive 177,5441288
81881710,May,Fox,Lioze Boulevard 966,952249652
90324123,Janie,Williams,Fasco Avenue 143,4458929
26735426,Gilbert,Craig,Neot Trail 841,955486685
4254763,Cecilia,Guerrero,Capsaw Manor 580,6634874
37753537,Eugene,Sherman,Buma Boulevard 176,2414779
82470125,Grace,Holt,Dazon Heights 981,917669697
51391984,Ollie,Logan,Pemdim Glen 917,968587948
61520262,Kathryn,Curry,Zesze Circle 151,982354257
4473173,Jerry,Rios,Fiwa Manor 354,919337343
83461978,Ruby,Nash,Zozub Ridge 088,952241921
25262465,Samuel,Walsh,Fuhed Grove 788,2131623
16012008,Grace,Gray,Annew Key 286,3728352
31311396,Louisa,Dixon,Epajit Center 566,6835537
75507634,Christine,Barker,Zakta Circle 986,932633273
65992130,Myrtie,Ballard,Epwoj Grove 685,995981452
7579367,Alan,Marsh,Kococ Road 462,913277883
22886602,Lawrence,Campbell,Atasih Plaza 851,4293115
90138139,Brent,Hansen,Behibu Place 357,964958612
24307805,Landon,Burton,Jovi Boulevard 871,3419854
23989058,Hattie,McGee,Budid Court 262,5795843
65022915,Elizabeth,Caldwell,Jolik Grove 222,2563514
13869388,Mason,Carpenter,Omivu Key 804,6249652
71466230,Herman,Webb,Azafa Junction 246,926245359
91281142,Larry,Patton,Degpuk Path 768,4235636
6794019,Cory,Townsend,Ulevi Circle 104,5999367
95103843,Josie,Chambers,Tirwo Lane 231,957134935
40937027,Antonio,Barnett,Dupeh River 670,942547412
83898012,Abbie,Craig,Odzu Manor 275,4325668
31313467,Emily,Wilkins,Rude Way 321,987537316
22159592,Bernice,Sherman,Marzah Court 758,954284671
35463791,Marion,Miles,Zekuw View 751,943539211
29548825,Marie,Moran,Dusane Extension 118,933449479
17898020,Chester,Griffin,Ruvul Key 513,3681757
32963871,Charlotte,Jenkins,Misev Junction 434,986158485
45348140,Andre,Conner,Dezu View 168,937126591
22878417,Frances,Jimenez,Devi View 873,927148127
46533538,Herbert,Simpson,Vadzi Highway 509,912445455
9314319,Harry,Harris,Rieca Street 731,992617537
55571284,Myra,Harvey,Efpu Street 581,995628526
40353165,Leonard,Holt,Hawzoh Center 396,5723139
473480,Scott,Weaver,Mavi Circle 553,948411292
56654796,Andre,Carr,Ruelu Circle 290,5475639
8453397,Violet,Edwards,Luwo Pass 808,985592567
88844694,Randall,Owens,Kazi Street 490,971621348
52462892,Claudia,Tate,Arese Turnpike 246,5527673
8329123,Irene,Patrick,Hedow Turnpike 128,4416459
45659540,Eugenia,Frazier,Ewpi Extension 628,6318796
14497663,Hannah,Rodriguez,Ruzok Boulevard 774,2852854
13442056,Viola,Paul,Nekuh River 475,946135818
34320242,Effie,Morton,Posla Manor 757,963663123
87654604,Jay,French,Sicziw Highway 808,975768336
9055424,Justin,Norris,Sibjin Square 474,4651682
63708793,Augusta,Ward,Soso Street 468,957675429
1905045,Adelaide,Walker,Ulofib Avenue 025,925832363
14109378,Willie,Singleton,Tuvac Junction 931,985372263
53782300,Harriett,Walters,Nebis Way 338,975154876
72976933,Sue,Parks,Bijheb Park 380,3665375
47997329,Jayden,Luna,Limic Terrace 596,915279361
71652728,Lenora,Potter,Jito Street 645,2422552
9695097,Kyle,Black,Suwe Drive 192,961411755
16404956,Alan,Castro,Ilwog Way 941,915913391
93165616,Iva,Webster,Fizato Center 874,3619656
68990429,Randall,Blake,Wuwow Avenue 339,5592149
94610098,Billy,Byrd,Ekpo Grove 166,943966558
59301341,Phoebe,Rodriguez,Vinas Square 874,6732927
29760672,Anne,Stokes,Ejim Drive 473,945598766
99001190,Francis,McCoy,Velu Place 159,6666672
88140241,Lula,Steele,Gavken Trail 867,2598587
10224298,Harriet,Scott,Jekef Ridge 982,948998914
60210289,Patrick,Young,Lenmi Extension 041,5166464
97602549,Devin,Hanson,Canip Key 410,987385195
29493768,Jim,Ballard,Jevef Path 627,2691169
14628914,Winnie,Adams,Nekuh Mill 711,2685368
5830620,Fred,Abbott,Vocdo Street 645,2166795
21439837,Benjamin,Goodman,Uvmu Center 076,3477271
89069921,Jesse,Hopkins,Fedvo Way 140,4842238
84588517,Jonathan,Hubbard,Gihsa Highway 108,5762597
20793152,Ronald,Schneider,Hera Extension 330,969169714
7740090,Franklin,Warren,Usnev Trail 183,998945721
55300969,Troy,Clarke,Samti Pike 432,3382781
33061484,Agnes,Hanson,Jomtat Heights 735,955553673
44767317,Adelaide,Gordon,Jucul Avenue 819,4723786
85161771,Ora,Hale,Cuwe Junction 868,4264446
20362733,Ophelia,Osborne,Rinrif Court 404,969364799
92813372,Charles,Manning,Fupje View 270,988843171
99606006,Allen,Hammond,Rauh Parkway 973,912942295
81257061,Lulu,Graham,Eheju Avenue 432,5321237
95539522,Emilie,Nunez,Wugfap Court 077,5396865
89719232,Frances,Cain,Hawwav Mill 631,999371783
36741205,Trevor,Ortega,Weheg Path 930,916772589
5721527,Douglas,Perry,Zermar Extension 316,6292253
30984708,Jeanette,Sanchez,Jewwoh Loop 915,6947623
95843255,Jose,Duncan,Kanaj Plaza 755,951275363
68677409,Lucille,Bryant,Nuze Avenue 556,6533723
16742674,Bettie,Moran,Zikep Grove 356,6494783
91271580,Ronnie,Gibson,Fuhre Loop 394,3312127
54406882,Bessie,Pittman,Juvir Key 895,918267849
65934176,Hannah,Fisher,Terot Pass 874,3849551
68512430,Julian,Pittman,Jemgov Trail 665,5379132
72106731,Eugenia,Castro,Jela Court 667,975197422
81011732,May,Norris,Somas Circle 716,969179791
61569878,Dominic,Carr,Fuppu View 889,941764245
56995465,Derek,Franklin,Zihij Park 197,941191741
42794553,Scott,Atkins,Cetoh Park 194,6922911
97861544,Mamie,Collier,Mesol Manor 183,2576288
24386478,Abbie,Haynes,Zuulo Loop 791,982887147
14059738,Elva,Park,Zitu Extension 771,4248395
57981980,Bradley,Drake,Asviw Trail 305,5719247
95870669,Sophia,Tate,Fulom Pike 114,992424752
96995726,Hannah,Cummings,Elle Drive 560,6849187
64735861,Landon,Garza,Micuj Pike 051,4714987
79786277,Nelle,Walters,Domma Road 475,956134688
76654856,Eric,Guerrero,Bude Parkway 136,986457572
69804008,Sam,Sharp,Epebo Turnpike 281,912832539
3063103,Phillip,Singleton,Ravge Circle 732,967955685
78171304,Carolyn,Parks,Kepar Street 494,3688333
54909367,Logan,Hawkins,Nedkid Pass 707,933991487
82457579,Lola,Curry,Julco Pass 324,981429518
98544035,Sophie,Munoz,Ruduni Extension 228,2694533
32785529,Josephine,Park,Kibew Street 904,6461777
4554962,Sean,Steele,Rirla Road 802,2536397
73889021,Kenneth,Bush,Hadwut View 366,3695437
43883805,Nicholas,Bailey,Wocad Terrace 138,932125145
22316492,Edith,Keller,Hafos Key 265,996863934
31932274,Alma,Norris,Sucok Lane 018,958233865
98931778,Wesley,Rios,Uwokav Street 933,955753837
26321062,Ivan,Wong,Gilvij Avenue 522,998879132
32453039,Inez,Jenkins,Ranwov Center 429,6382768
77666483,Stephen,Lloyd,Ricac Drive 074,996383167
59913279,Sean,Matthews,Vemfe Key 752,5696421
98833229,Marie,Mendoza,Tunru Manor 343,968783479
84885394,Joshua,Howell,Tahik Lane 511,3665553
56832510,Caroline,Becker,Vezhe Path 229,4455453
69116927,Lizzie,Richardson,Fubvum Point 113,2125913
29201041,Dora,Franklin,Pulo Terrace 642,961975951
42842139,Joseph,Farmer,Rati Junction 772,3842772
16981772,Adam,Walton,Gokdi Way 874,3866795
66721691,Nicholas,Harper,Hofli Road 255,5455655
50424477,Flora,Allison,Rarap Place 154,988485932
59122062,Clyde,Elliott,Vepje Boulevard 065,4571474
82025773,Pearl,Stokes,Zeri Court 912,929758983
13643552,Brett,Andrews,Duwge Ridge 849,951395844
8634306,Lucinda,Owens,Fame Center 338,946154828
41334578,Thomas,Harper,Zujmog Turnpike 328,934567673
45964062,Wesley,Nelson,Waves Heights 880,985943291
59490672,May,Garza,Gicaz Point 687,946967566
52127903,Rodney,French,Ihoja Grove 150,4328612
22794153,Margaret,Mills,Acse Parkway 331,988792164
21364201,Eula,Richardson,Ciew Path 589,919546344
41493948,Clayton,Hale,Wadi Terrace 397,6155141
24345074,Claudia,Maldonado,Fahme Street 534,4738937
38857488,Delia,Conner,Dazvo Mill 222,3971214
79233001,Francisco,Davis,Jedoc Parkway 381,6288684
78999689,Jorge,Crawford,Lewaw Pike 752,973366768
43904381,Caroline,Hudson,Eszu Heights 239,932629258
51555682,Agnes,Griffin,Esogi Square 230,4392789
63825738,Ralph,Pratt,Idne Highway 298,5886517
91259529,Lenora,Collins,Tizza Path 960,955883964
2100042,Lina,Bennett,Lulah Turnpike 786,961735953
31830598,Benjamin,Ross,Jutnot Boulevard 091,3653353
91346827,Corey,Rose,Picgi Plaza 346,3836498
58840331,Gerald,Griffin,Lukvez Court 396,994986963
83646308,Roxie,Long,Nusvag Center 474,987592299
4595889,Cole,Hernandez,Digzu Glen 169,5837347
82905253,Verna,Steele,Fumfo Mill 905,2764734
47786912,Micheal,Terry,Sagpu Path 786,951496988
11253594,Craig,Singleton,Violu Manor 233,934822239
83716714,Joel,Swanson,Mihi Circle 806,6124648
59026449,Jeremy,French,Eloudu Mill 619,4221484
14003990,Antonio,Guerrero,Ceki Highway 660,982687873
88326552,Gene,Holland,Izef Key 248,4644449
93686581,Addie,Pratt,Emven Mill 501,954158269
58908293,Millie,Richardson,Neen Park 697,962151855
94624038,Margaret,Rhodes,Vuke Pike 530,989187785
49641076,Olive,King,Ojoliv Lane 075,4765859
36852459,Stephen,Parsons,Vegbe Highway 760,934353294
78685379,Christine,Jennings,Ravjup Junction 600,932589216
1712896,Franklin,Cooper,Ferfi River 666,5656776
86575471,Fanny,Jimenez,Tepka Pass 487,2716872
72756665,Viola,Robbins,Lilfez Mill 697,3283429
61863743,Timothy,Lucas,Pobwof Pike 968,5946356
93174745,Wayne,Casey,Feeh View 226,978131549
30041838,Nicholas,Franklin,Awek Center 313,2295189
73847681,Alberta,Buchanan,Kefka Junction 762,2686626
94461096,Nancy,Stokes,Rumhef Ridge 746,932366483
97262294,Eleanor,Thompson,Hevlej Path 105,977137681
22679114,Cody,Armstrong,Sorne Loop 504,999682151
53386032,Polly,Lowe,Ofoja Street 518,2752272
37341244,Paul,Adams,Ajdu Highway 916,948368213
15573911,Minnie,Douglas,Ezaati Trail 901,4368739
10271561,Todd,Sherman,Iziwab Turnpike 730,6785416
25127053,Martin,Welch,Oniiwi River 962,3928737
70310085,Isabella,Pierce,Ewacu Grove 940,975565351
64610554,Katharine,Reynolds,Jelij Extension 077,921694534
15071456,Della,Owen,Tubli Ridge 485,974315519
47887300,Nannie,Evans,Forjid Boulevard 385,911286376
20439220,Ryan,Munoz,Kepa Highway 807,5368632
85447290,Julian,Myers,Jivef Park 402,962794343
98435149,Frances,Christensen,Ritig Junction 413,958496889
95156199,Danny,Aguilar,Zuzem Terrace 598,979626747
43543557,Ola,Black,Meora Junction 941,912274574
1167903,Jay,Nunez,Eloh Pike 976,2859941
30650068,Lucas,Perkins,Zafoz Point 997,2549946
17372400,Martin,Little,Bopav Drive 666,6749758
89807831,Lenora,Roberson,Sivas Loop 206,923825385
23409465,Katherine,Strickland,Kesjo Heights 544,982745763
72546278,Eunice,Bryant,Mamul Trail 248,4278547
54774834,Ernest,Watts,Kogga Square 178,969257836
66272936,Maud,Schmidt,Sukmo Circle 258,928269112
59920468,Gerald,Tucker,Sabih Junction 666,995599729
34772771,Eddie,Walters,Vosmec Pike 813,2453643
15613033,Fannie,Pittman,Cimop Extension 934,999554769
22097799,Susan,Wise,Emofi Lane 068,981441475
37490067,Francis,Maldonado,Ukizov Center 807,969894914
89823824,Virgie,Hanson,Pojli Way 760,4387275
89853192,Richard,White,Suzhaw Park 559,2872797
41250712,Elizabeth,Cruz,Tirbal Key 308,2223878
26831796,Ian,Richards,Wuzcod Glen 127,983753435
96585023,Irene,Abbott,Laiwu Lane 443,916523512
96702952,Daisy,Watson,Pujuw Manor 549,987572414
83218541,Shane,Greer,Sipfi Junction 359,985465526
75447562,Agnes,Moss,Citom Road 370,951222271
45832852,Ollie,Taylor,Liku Street 935,3717985
3681169,Estelle,Conner,Omhu Extension 687,972684918
88889444,Owen,Willis,Pefob Extension 341,4224261
62341116,John,Salazar,Bogo Drive 928,4494676
28716630,Isaac,Hansen,Cusid Road 926,923355916
33732860,Chester,McDonald,Roto Loop 455,2145246
82346705,Edna,Harrington,Gatra Path 326,999294597
18642193,Bernard,Stewart,Megok Lane 857,6447321
92496558,Olivia,Robinson,Umiwa Boulevard 396,4353465
81908691,Randy,Maldonado,Ohenov Ridge 298,929712218
91390968,Jon,Jenkins,Joza Loop 486,922956384
70254189,Etta,Reynolds,Vonu Point 717,973638318
97240490,Jerry,Buchanan,Vatovo Place 736,972748457
78704702,Mayme,Fernandez,Niguh Street 696,925454268
13441511,Nettie,Rice,Nidno Ridge 287,919161172
29163103,Lilly,Jones,Fucfa Boulevard 202,934592367
36695255,Verna,Sherman,Fujdem Heights 961,6519277
49813378,Edna,Miles,Welo Plaza 507,5927953
24284271,Keith,Pope,Gegwuf Avenue 441,932381476
60792939,Isaac,Delgado,Ruku River 359,6115167
9930577,Lora,Cook,Etfo Lane 802,3675221
50203477,Frances,Miller,Gesoma Circle 716,967628256
3073302,Micheal,Kelly,Odepo Extension 545,4178242
46545096,Louis,Simon,Woito Trail 355,917474216
85121456,Alvin,Carson,Ovfu Junction 367,973773358
78859386,Duane,Cox,Vuko Center 952,4475946
26784416,Shawn,Lawrence,Lowrad Pike 574,6782363
92350504,Paul,Cole,Ejis Ridge 000,5188248
11666700,Leah,Foster,Zaej Avenue 609,942229335
7829426,Lilly,Hunter,Vapsim River 710,6346845
8761173,Mildred,Robertson,Reuju Junction 543,2148425
60364623,Jordan,Fitzgerald,Vegva Street 800,3862142
22392442,Kevin,Bass,Pepat Manor 375,969196218
55176227,Nancy,Kelley,Dofa Park 642,2596232
38060179,Bobby,Garner,Hehwur Way 314,2587821
82349085,James,Bates,Zoil Way 069,996629224
21300998,Ronald,Hunt,Ujipe Boulevard 506,958829621
55422654,Leon,Castro,Evanu Terrace 247,943343661
20036999,Marguerite,McGuire,Didopo Terrace 050,928618733
5890068,Julian,Alvarado,Leku Circle 827,979749867
94737191,Milton,Campbell,Leoh Circle 508,937412472
87704380,Wesley,Estrada,Awmar Road 668,963445347
61901691,Vincent,Gardner,Aple Heights 563,969832281
33665308,Ola,Herrera,Fezo Ridge 650,3795137
66566569,Earl,Kim,Toep Way 600,4267858
71677481,Essie,Chandler,Abade Avenue 899,993464732
79354849,Flora,Gibson,Zihare Drive 832,996389329
19336811,Mae,Curry,Ilrut Manor 417,936513393
55044250,Cordelia,Walters,Koze Terrace 420,4784474
94985724,Max,Carr,Oreci Point 591,2385869
80684496,Helena,Stevenson,Metilo Extension 451,4214762
59974097,Connor,Martin,Lofla Glen 155,976883142
56009788,Jeff,Barker,Pegto Way 907,6362975
19479496,Mabel,Christensen,Peku Loop 583,983495212
98497822,Vincent,Hudson,Matki Mill 028,916168777
21117580,Gary,Campbell,Vafu Square 028,972793664
7120398,Katharine,Abbott,Nojpeb River 977,963844988
13789112,Delia,Wells,Gefo Lane 733,5183331
11277990,Rebecca,Love,Itosig Avenue 044,918386453
66650275,Ray,McCormick,Mago Boulevard 280,5994549
8559820,Owen,Patton,Guwra Junction 144,944644351
34723374,Kevin,Ferguson,Fieg Circle 791,3686283
43812528,Joe,Hanson,Hawpiw Drive 698,2359475
64373385,Leonard,Klein,Tepke Drive 487,2818668
41709386,Lina,Brock,Misa River 760,999796445
86269559,Jeremy,Curry,Fugeg View 225,991265212
75866859,John,Perkins,Gurkaf Pike 216,971546397
573404,Eliza,Walker,Fonnaz Boulevard 255,3162588
20259365,Adele,Hill,Vaze Terrace 008,3789924
56331231,Carl,Kennedy,Cise Road 415,2985354
47079810,Etta,Rogers,Dapnov Manor 855,4185974
14339627,Lulu,Tyler,Cagav Court 527,981864645
23461580,Lloyd,Hawkins,Hahtol Trail 158,2766583
42150456,Ruth,Larson,Fikcug Highway 037,992132786
90066382,Jennie,Townsend,Suoze Road 657,978893485
14497941,Etta,Tran,Vidzas View 357,968874535
60553103,Glen,Watkins,Hagi Circle 318,932166794
82489027,Lilly,Cole,Vukih Circle 782,963968347
59970022,George,Roberson,Tasri Grove 560,2275524
35339748,Mayme,Barber,Ikepi Grove 154,5392795
77478938,Beulah,Thornton,Ceecu River 802,3913874
23098472,Catherine,Dennis,Bavaci Heights 871,6412996
97814560,Wayne,Cohen,Pize Loop 970,5127511
30965292,Russell,Benson,Gakpej Loop 515,3344224
72709352,Ricky,Boone,Zuwe Terrace 184,3323596
22514635,Betty,Boone,Pikfef Turnpike 433,5526187
33780107,Delia,Holland,Icufa Way 532,928356457
31883902,Hester,McDonald,Mafus Extension 899,998968322
94212944,Madge,Bryan,Avisus Point 069,998347357
83122118,Loretta,Walton,Ucge Drive 627,922185632
71560779,Lenora,Robertson,Nesa Manor 773,997798927
68184498,Donald,Higgins,Fugzeb Square 668,6621994
90132893,Ronnie,Matthews,Edgu Way 686,4433181
68799845,Isaiah,Vaughn,Hemehe Court 146,914411424
37027383,Jeffery,Perry,Fulaw Turnpike 334,4176592
45976249,Esther,Weber,Buju Manor 096,5369998
99256334,Eleanor,Barker,Suzpab View 362,988536486
48484186,Evelyn,Wright,Gegi Junction 174,971981961
33214214,Emma,Holloway,Vemwe Street 102,3498274
68952113,Christina,Sanders,Siog Extension 461,2668396
36861184,Adele,Nguyen,Zakwi Grove 530,5982497
93110636,Maurice,Wise,Nitgo Path 116,967699182
93767019,Jean,Brady,Sulal Plaza 909,915211797
11324866,Cecilia,Hunter,Kolla Glen 527,926731179
78766659,Maud,Robbins,Kemu Circle 455,2543711
53996653,Ralph,Jennings,Ejgos Point 702,4898877
71375462,Marcus,Huff,Abilew Glen 867,5176317
26061495,Shane,Martinez,Taeb Key 793,6863673
33653965,Dale,Floyd,Bevur Street 521,947599972
30512992,Edna,Poole,Inonal Square 547,2594882
34890993,Minerva,Pittman,Vupnoj Boulevard 077,5166143
70079562,Lillie,Rios,Guva Junction 582,953651713
41273547,Christian,Carroll,Fawlig Pass 903,4635729
93034139,Phillip,Atkins,Vumfa Square 183,6859645
56450989,Lizzie,Blake,Ipno River 157,935625196
85475379,Pauline,Dunn,Pahiv Square 719,998366549
67507119,Sarah,Colon,Rijo Park 387,5449833
12562275,Lillie,Becker,Nicu Trail 001,951336712
37684580,Tyler,Delgado,Fecjem View 818,3728459
17768994,Lucile,Wright,Ihipah Place 368,945386769
86486602,Zachary,Sparks,Katbog Glen 730,2736585
17783333,Peter,Robertson,Lumzop Turnpike 033,2459268
50777453,Lulu,Todd,Alanu Place 115,952324459
40167198,Stella,Marsh,Fulif Turnpike 499,5679832
26709627,Eric,Dawson,Buhbol Drive 343,3443698
88013224,Peter,Richards,Mataw Avenue 635,955984632
61128708,Milton,McGuire,Elovow View 020,997445349
17143401,Matthew,Watkins,Mazve Avenue 284,989936446
84448920,Brandon,Wright,Boba Grove 459,944487446
62869151,Tony,Alexander,Hezos Path 820,973592843
36736368,Ora,Schwartz,Ahkap Plaza 228,965264732
7569049,Jane,Dunn,Manjig Terrace 232,978829835
57626690,Lester,Rhodes,Acwe Street 588,2536537
94453387,Beulah,Gill,Agaasi Center 443,955356649
1391394,Larry,Boyd,Rucap Street 017,973537665
18580046,Mathilda,Swanson,Wobket Manor 424,942566352
5719660,Chester,Robbins,Gimhus Loop 920,2631568
2777034,Brent,Garcia,Wodpaf Park 009,6251743
32977587,Austin,Perkins,Johaw Glen 088,2734354
55556011,Augusta,Hart,Mopif Junction 750,934538184
50913135,Viola,Alvarado,Icrud Park 360,914424813
30625,Michael,Malone,Baig Glen 312,6736334
72334820,Martha,Erickson,Utja Boulevard 372,2297852
30337664,Christian,Davis,Pucri Square 354,5662744
91548861,Fred,Green,Ozilo Trail 104,981886953
16322764,Noah,Harvey,Iwupu Circle 900,993871746
30561846,Clyde,Foster,Supha Trail 214,981287454
5986408,Christine,Greene,Tile Heights 209,941593746
50449578,Juan,Wilkerson,Jajked Plaza 370,3632633
24351002,Polly,Pittman,Dutep Way 759,957297151
84514978,Sophia,Chapman,Todki Park 507,966256536
52525842,Harriet,Weber,Piimo Lane 401,6274276
27644559,Flora,Benson,Ralu Key 603,995482665
11970177,Lillian,Hopkins,Mure River 181,918458763
69283250,Kevin,Garza,Pevu Point 680,979519777
21491350,Cora,Maxwell,Ihudin Boulevard 958,968375658
79635437,Lucile,Gutierrez,Ebapa Way 767,996359165
28752538,Susie,Vasquez,Udnem Glen 820,5343183
93084426,Joseph,Allen,Fewrin Grove 973,983633368
27245218,Don,Owens,Ruzat Court 867,5699893
20109606,Jimmy,Harris,Melaf Terrace 790,5581141
17379270,Ethel,Ferguson,Bopa Pass 986,2874419
99108098,Jordan,Stevens,Vuze Pass 160,4613424
58050906,Jimmy,Farmer,Uhwuf Trail 220,919765687
96956738,Mario,Garcia,Kaba Loop 781,6764848
73890948,Thomas,Bryant,Eneko Loop 171,3812367
32466207,Winnie,Ford,Lefol Highway 614,6871541
39274909,Matthew,Perry,Fahog Road 181,919848753
32669835,Rosie,Dennis,Megi Parkway 992,3592547
33748846,Rosie,Blake,Bivawo Glen 545,967111978
44564565,Lela,Kelly,Dasro Turnpike 656,4321934
97951102,Kate,Floyd,Vohhop Ridge 392,4452661
33872149,Belle,Santiago,Turit Key 218,2869393
10302629,Lottie,Hart,Luhok River 219,913825341
92552376,Adam,Terry,Zibdip Highway 065,6359853
7779131,Brent,Anderson,Esjog Trail 036,996392278
98668316,Milton,Castro,Safe Grove 659,3226894
3921233,Jeffrey,Bryan,Turi Junction 249,927971829
14374209,Jayden,Olson,Sureg River 972,3234137
67747188,Ernest,Bowers,Ruho Road 015,952722918
27864155,Lois,Lucas,Ubosa Avenue 545,983354393
35531927,Logan,Cain,Bonsih Trail 527,2569244
4227288,Lois,Lawson,Lutod Ridge 571,2122736
26738851,Christine,Conner,Uteb Mill 242,968827813
54258774,Gabriel,Henry,Hagow Ridge 431,5998168
15510616,Ronnie,Johnston,Nikob Lane 458,964581331
60317245,Leo,McCormick,Opamav Extension 288,5811714
70413261,Helen,Black,Culvef Square 394,943418297
45559700,Noah,Drake,Fenoto Trail 156,938474837
34369307,Jerome,Ward,Zuhci Street 580,5824947
185742,Keith,Miller,Vozoh Road 229,988238393
54395133,Jeremiah,Burns,Mikobi Lane 636,934519291
60449335,Garrett,Joseph,Namov Park 625,974594274
59344485,Maurice,Barker,Uhfu Way 529,954672247
67741305,Violet,Barrett,Desuz Lane 963,979581539
54998198,Elva,Ward,Heon Pass 976,967664126
21637365,Rebecca,Woods,Wesal Junction 735,5697966
3120547,Maurice,Cummings,Nofgi Pike 102,986556678
8990525,Duane,Edwards,Vescu Mill 390,941899958
81809067,Bertha,Mathis,Tedur Grove 186,929916819
17991968,Lottie,Lowe,Tenjar Glen 462,948883918
5358746,Jean,Armstrong,Vepzi Junction 078,6799473
57976977,Eunice,Waters,Mopir Center 357,915771333
36157388,Clyde,Matthews,Enenug Road 626,987568117
98870401,Phoebe,Holloway,Hogra Boulevard 337,3698565
16968368,Hettie,Lloyd,Weim Path 700,962863444
81878761,Aiden,Shaw,Cigim Point 157,2234567
17865149,Maud,Maldonado,Rudki Terrace 928,972571214
75681320,Vera,Norris,Rolo Drive 774,4141638
4935407,Leon,Morgan,Jigic Boulevard 122,4991984
80878577,Mildred,Shelton,Ihugad View 019,952327236
44649616,Kate,Burke,Vajur Park 066,988713551
59348998,Myrtie,Ray,Mansu River 536,4237551
93064017,Julia,Sanchez,Efire Avenue 702,6224644
5318485,Ellen,Ballard,Vugne Extension 139,4584836
97946701,Viola,Barnett,Amaro Trail 875,941295832
5242551,Ada,Hunt,Bakif View 541,6334197
19433102,Edith,McGuire,Tote Circle 031,5253223
96363930,Hunter,Cruz,Wajgen Ridge 177,2753383
43595992,Phillip,Woods,Isiz Ridge 736,998448787
3576588,Laura,Meyer,Fope Street 129,3973463
75458603,Bill,White,Tecoz Park 155,3244257
45893916,Della,Watson,Caep Road 660,3314137
48750155,Timothy,James,Togas Ridge 326,978666696
35530915,Warren,Cooper,Alcor Court 550,926565547
20036767,Alan,Hernandez,Gusom Terrace 850,952925615
27833162,Chris,Sparks,Lege Key 706,926639363
31574919,Nettie,Hansen,Edofev Key 108,983692218
75445451,Cornelia,Ramos,Igdi Highway 748,5992949
99577484,Nellie,McBride,Acdum Heights 043,2952637
20554892,Ethel,Ford,Enavi Terrace 726,968381625
23777632,Hettie,Weber,Kefok Center 481,967587372
23576760,Lee,Weaver,Kilup Ridge 368,6115533
3849667,Bill,Davis,Vonjip Avenue 575,4787482
19231313,Estella,Jensen,Cugiwe Square 219,5945895
563457,Cody,Holloway,Raaru Mill 220,984441813
11125200,Lester,Bush,Wamuv Trail 167,931957922
2015399,Loretta,Armstrong,Hukwi Loop 140,941611919
77175081,Eunice,Chandler,Rozwi Circle 760,5811666
90901755,Herman,Freeman,Afhup Way 948,967948739
73861772,Clyde,Munoz,Evewo Manor 698,4591475
44678531,Leon,Bryan,Pafad Key 945,982473891
59190892,Lucille,Martinez,Nape Mill 666,4142168
11799896,Leila,White,Wiek Court 499,6436389
75540597,Lina,Cole,Tekse Ridge 738,915371881
45272936,Leon,Lowe,Jizsa Road 248,5766127
42915360,Millie,Stanley,Nekaw Glen 884,995286175
66877186,Vera,Cannon,Ibku Junction 583,956719326
76047291,Birdie,Wells,Bepzi Pike 394,6151278
87644955,Susie,Thomas,Hicaj Road 850,917529871
40390559,Bruce,Paul,Jodog Turnpike 982,999959794
59452825,Bessie,Grant,Juti Park 726,4321476
79417131,Aaron,Mack,Viba Turnpike 186,979336439
87092203,Blanche,Moreno,Zilaf Grove 731,2987697
69480216,Craig,Ruiz,Setog Highway 912,4144292
86566838,Lee,Moody,Rumbin Boulevard 467,942263617
96339218,Kathryn,Vaughn,Lucom Plaza 340,984838128
24057171,Jayden,Burke,Luffic Path 453,3387554
9591241,Mitchell,Newton,Esfur Terrace 400,5464188
92760179,Hulda,Andrews,Itdaf Park 147,4192661
4161813,Jackson,Turner,Caftu Extension 992,6515232
44861457,Cora,Floyd,Hoez Pass 442,994255669
81948831,Martha,Clayton,Foloz Park 289,946966417
16579575,Helen,Snyder,Okodo Way 272,3531248
9368354,Beatrice,Shelton,Uvuro View 221,974454477
20769480,Allie,McBride,Igauvi Drive 559,992762556
59265623,Margaret,Wagner,Puca Path 006,2676198
66496857,Joe,Dixon,Tuvlu Boulevard 887,6469649
36350941,Lela,Schmidt,Kezvu Highway 568,2642634
78564706,Marion,Bennett,Awovi Circle 529,945226729
81701666,Corey,Robinson,Fuhor Grove 973,2281243
21259946,Rosetta,Jones,Cobaj Square 557,2283665
69488592,Nell,Medina,Ikhep Street 383,962497816
36659093,Lou,Ortiz,Inonur Square 496,974135883
81710505,Peter,Frank,Uciez Point 079,5353455
32130771,Cory,Rowe,Seppu Lane 633,975427218
97514741,Esther,Gardner,Wiztar View 451,2433287
499975,Bernard,Perkins,Iliusi Lane 187,967812926
69655488,Michael,Stewart,Timat Grove 002,2792467
4920233,Leroy,Ryan,Muhwol Avenue 537,4239464
83962173,Jackson,Tucker,Iwepo Center 153,6434377
67411720,Justin,Butler,Ojsam Trail 245,2693358
56482198,Loretta,Padilla,Zibawu Way 054,2679398
8140001,Mario,Abbott,Zebji Key 502,3387424
19392327,Duane,Johnston,Rubfe Plaza 351,944381529
13475152,Katherine,Owen,Zamfo Street 125,957286563
20321749,Lily,Coleman,Kabsa Trail 045,5489189
1744577,Cecilia,Grant,Ebuehu Pass 469,6493132
22751691,Aaron,Long,Rapok Circle 729,949899347
6515930,Philip,Watts,Gijej Pass 965,3758711
29701843,Jane,Klein,Sibo Center 765,962242281
13630881,Owen,Klein,Milbas Glen 736,4727138
23811537,Gary,Ross,Haeh Extension 716,6742285
69765753,Frank,Morton,Faziv Center 942,945426995
62256788,Roy,Roberts,Dirpo Point 353,942283771
41578759,Nicholas,Rice,Zijve Place 837,963648541
63645861,Wesley,Rhodes,Fobe Pass 512,5626158
58770611,Gabriel,Webster,Icpok Heights 938,4936557
2201900,Charlie,Hughes,Buoh Plaza 981,3893369
93129903,Maria,Boyd,Gereku Drive 152,4999881
2310807,Tom,Lowe,Sakot Key 383,942751267
98288550,Allen,Miller,Mukel Grove 188,943551534
10756270,Louis,Holloway,Cace Place 238,3922745
26733270,Tommy,Phelps,Wihfat Terrace 550,2625798
77931477,Allen,Douglas,Retmah Terrace 125,4156227
30489508,Danny,Waters,Fugam Manor 162,5955873
18761667,Derrick,Cruz,Fuvma Drive 542,2293676
77335722,Janie,Moody,Dowgo Square 448,6789494
99856101,Stephen,Mullins,Kimik Key 840,918825338
51398814,Mable,Clark,Ojdo Terrace 623,3349217
61289855,Lois,Ortega,Guwoj Grove 113,975469439
47490583,Virgie,Frazier,Cevet Grove 042,956966119
27694415,Jordan,Sharp,Nomo Pass 996,3156789
32602485,Clarence,Chavez,Ubaabe Turnpike 866,928986649
77045622,Eliza,Thomas,Putmus Point 627,4791143
39475032,Isaiah,Jimenez,Jaaki Place 803,975717772
55982742,Philip,Rodgers,Gozda Court 148,6247318
69342200,Kate,Osborne,Mego Pike 921,6239978
58628854,Jeff,Hanson,Wezli Pike 829,4746367
99664559,Clyde,Santos,Becon Manor 185,997589128
32737958,Amy,Barnes,Poduj River 407,957921996
76239539,Gussie,Myers,Sari Pike 867,2479546
22971023,Effie,Hill,Joip Lane 044,2888735
62885522,Marguerite,Hammond,Disu Pike 762,975662338
98426020,Angel,Fowler,Cawse Park 176,935885448
47774458,Mason,Grant,Saji Junction 909,3283337
69279029,Catherine,Morris,Gehku Key 092,915425865
62733847,Terry,Green,Tovu Glen 352,953819249
96090441,Ann,Cummings,Zauh Way 589,996243888
49528224,Mittie,Manning,Fehija Park 919,926326522
96275849,Glen,Barton,Raug Parkway 544,977148655
79152574,Hettie,Manning,Golla Square 399,933319734
88362910,Adelaide,Wolfe,Dulle Manor 256,3365144
85208188,Ivan,Stanley,Lekon Lane 180,2245346
72242227,Daniel,Gregory,Sursow Loop 629,961133853
28154185,Dylan,Quinn,Saju Trail 001,938812186
18507198,Nannie,Burke,Bunuv Grove 022,958698275
98611037,Nellie,Collins,Dice Key 737,3938167
80137027,Nell,Sparks,Dajab Grove 226,925951447
23992170,Adelaide,Green,Cocviv Circle 594,4182339
9222932,Evan,Carter,Kedo Glen 303,984371495
11291663,Nancy,Evans,Apwe Ridge 511,4417313
83930644,Lilly,Burke,Deceha Extension 894,6496469
81273988,Charlotte,Warren,Ezokav Park 711,954691399
88943848,Virgie,Osborne,Zazpa Court 366,3618261
36293208,Eddie,Moran,Nifju Highway 172,6191459
6247672,Mathilda,Harris,Vifip Center 702,976341827
93508859,Devin,Wise,Wubiso River 691,2653951
74468281,Connor,Spencer,Vamcev Parkway 942,5137262
95363426,Rhoda,Hayes,Miltu Park 291,2584235
96270326,Clyde,Griffith,Onibas Place 834,2874497
63591769,Hilda,Martin,Bofku Mill 842,3926795
26159229,Jean,Gill,Siszi Trail 229,6198829
39653755,Luis,McDonald,Ozusi Parkway 675,978453181
71844137,Violet,Garza,Ojru Plaza 035,991697169
17767234,Clifford,Robertson,Adahe Path 674,4698713
38569233,Rena,Gilbert,Sujut Square 355,6343922
84372610,Delia,Carpenter,Nuzlej Pass 217,5855917
90969347,Connor,Parsons,Udizu Street 220,3376367
24716980,Clarence,Mendez,Marov Ridge 602,4264377
29939622,Donald,Caldwell,Denlij Manor 658,5262764