265221,ECOLOGICO NOTEX,1230
2125023101,ANTISTRESS,1695
26534F,GEMINIS JACKARD,1690
265581,ECOLOGICO NOTEX EST,2630
2126030201,OXYGEN,2195
265222,ECOLOGICO POLIALGODON,1240
265A29,SUPER FOAM JACKARD,1685
2125040101,SIMMONS BEAUTYSLEEP,1680
265226,DIAGONAL POLIALGODON,1140
2115020691,5 ESTRELLAS,1680
2915010004,PRINCE,1680
265223,DORMIDITA NOTEX,860
2115031091,XEON,1675
213006,ACQUA VARIOS,1670
265225,DORMIDITA POLIALGODON ACOLCHADO,1110
284344,HOTELERO 5 ESTRELLAS,1665
2125040801,SIMMONS BEAUTYREST WORLD CLASS,1660
265224,DORMIDITA POLIALGODON,1290
267321,BARI,1660
267342,SEVILLA,1660
265228,SUPER FOAM DRILL,830
2125022191,HOTEL CONCEPT,1655
2125041401,SIMMONS HYDE PARK PLUSH,1655
265528,SUPER FOAM DRILL,2640
26548J,COOL MAX SUMMER,2190
284341,HOTELERO 7 ESTRELLAS,1655
265229,SUPER FOAM JACKARD,1060
2115020501,4 ESTRELLAS,1650
267012,POOH,695
265529,SUPER FOAM JACKARD,2365
2136011602,SUPER FOAM POLIALGODON,2185
265227,SUPER FOAM POLIALGODON,830
2843A8,ACQUA CIRCULACION ADVANCE,1650
284346,HOTELERO 3 ESTRELLAS,1650
265527,SUPER FOAM POLIALGODON,2540
4916040010,SIMMONS FOUR POINTS EUROTOP SHERATON,2180
26524I,CONTIFLEX DRILL X,890
284302,POCKET RAICES CARAL,1650
26524F,GEMINIS JACKARD,1090
2843S1,SIMMONS BEAUTYREST AUDRINA LUX FIRM,1650
284318,CONTINENTAL ACQUA REPOSE,1645
26554F,GEMINIS JACKARD,2260
2126020191,VENTUS,2180
267047,ANTARES,690
26522B,SUPER FOAM DRILL,940
284372,VISCOELASTIC POCKET PT,1645
265322,ECOLOGICO POLIALGODON,1640
4916040018,SIMMONS - TRUE ENERGY ADVANCE,2180
2137011601,SUPER FOAM DRILL X,2535
26522C,SUPER FOAM JACKARD,1060
2843A2,AERO AROMATERAPIA,1640
458395,TC MERCURY PT,1640
26552C,SUPER FOAM JACKARD,2510
2844A4,ACQUA CIRCULACION,2170
26522A,SUPER FOAM POLIALGODON,1070
2115030301,ENERGY,1635
458325,SIMMONS BEAUTY REST - WESTBURY RECHARGE,1635
26552A,SUPER FOAM POLIALGODON,2685
458496,OMEGA PT,2165
265321,ECOLOGICO NOTEX,1630
26527H,TOP FLEX JACKARD X,1020
2125024001,VISCO CARBON,1630
2843B8,HOTELERO DRIMER CONCEPT,1630
26537H,TOP FLEX JACKARD X,1625
2115023601,TERRA BAMBOO,1625
2134020101,ANTISTRESS,890
2663A7,TERRA LATEX FRESH,1620
2137020101,ANTISTRESS,2445
4916040009,SIMMONS EVIE PLUSH LUX FIRM,2160
26528J,COOL MAX SUMMER,850
2115020401,3 ESTRELLAS,1620
26558J,COOL MAX SUMMER,2690
2844160000,CONTINENTAL REAL REPOSE,2160
458350,POCKET ICOMFORT HYBRID OBSERVER,1620
26522E,ELASTIC FOAM DRILL,1220
267334,VISCOELASTIC POCKET,1620
2914020003,SOYA SOFT,1615
267042,SEVILLA,690
26552E,ELASTIC FOAM DRILL,2230
458434,SIMMONS BEAUTYREST RECHARGE AUDRINA LUXURY FIRM,2160
26522D,ELASTIC FOAM POLIALGODON,1010
26552D,ELASTIC FOAM POLIALGODON,2335
2126011101,REPOSE,2155
2125040901,SIMMONS BEAUTYREST WORLD CLASS PT,1615
267377,FIRENZE ALOE VERA PT,1615
2652BE,HIPERSOFT DRILL,860
2915020095,POCKET DREAM,1615
4916040011,SIMMONS HEAVENLY,2155
2111011591,SIR REPOSE,690
26527G,OMEGA JACKARD,980
2115050101,SERTAPEDIC WAITROSE,1615
284310,AYLLU URPI,1610
26554G,OMEGA JACKARD,2565
267496,OMEGA PT,2155
26526N,TERRA COTTON,980
267308,BAVENO,1610
284313,INTERMEDIO OUTLET,1610
26556N,TERRA COTTON,2625
2916010007,SIPAN,2150
465261,DRILL ACC,1060
465262,DRILL S/ACC,1000
465281,DRILL ACC,850
2115022201,LATEX ACTIPRO,1610
458348,POLISEDA GALAXY,1610
466501,ICOMFORT GUIDANCE,2315
2116020401,3 ESTRELLAS,2150
266347,DRIMER FUTURPEDIC,1605
4137050201,SERTA GUIDANCE,2395
458446,OMEGA,2150
2662A3,ACQUA CIRCULACION,950
2843080002,DRIMER GEMINIS,1605
2147020801,ACQUA CIRCULACION,2305
2116050101,SERTAPEDIC WAITROSE,2150
2662A4,ACQUA SPORT,930
2125040491,SIMMONS BEAUTYREST FELICITY,1600
2665A4,ACQUA SPORT,2205
284495,TECHNODREAM OXYGEN,2150
266220,ACTIPRO,1200
4915010001,ACQUA C/POLISEDA,1600
266520,ACTIPRO,2445
2844C4,DRIMER ALOE VERA,2145
2144022301,ANTIACAROS,1170
284345,HOTELERO 4 ESTRELLAS,1600
2147022301,ANTIACAROS,2375
265428,SUPER FOAM DRILL,2140
266217,CIC,1020
2115030891,QUANTUM,1600
267045,PREMIUN,665
266517,CIC,2335
284450,AERO AIRFRESH,2140
2115040101,SIMMONS BEAUTYSLEEP,1600
2144020101,CROMO,1000
466301,ICOMFORT GUIDANCE,1595
2147020101,CROMO,2460
2844B5,VISCO ANTISTRESS,2140
266246,DRIMER,1260
2125020101,VENTUS,1595
2115020201,MANTRA,1590
2911020003,SOYA BB,645
266546,DRIMER,2595
2916021801,GEMINIS,2135
2144020391,DRIMER FOREVER YOUNG,1280
458346,OMEGA,1590
2147020301,DRIMER FOREVER YOUNG,2230
267473,TARENTO PT,2135
266247,DRIMER FUTURPEDIC,1030
2843B4,SILVER,1590
266547,DRIMER FUTURPEDIC,2565
265481,ECOLOGICO NOTEX EST,2130
2144020401,DRIMER ZEN,800
2915020012,FUTURPEDIC,1585
2147020401,DRIMER ZEN,2395
4916040001,SIMMONS ST. CHAPELLE,2130
2144020201,ESENCIA,1160
266332,RIZZOLI,1585
2147020201,ESENCIA,2290
267441,ORION,2130
2144021691,FIAMMA THERMOCONTROL,1230
266374,SILVER,1585
2147021601,FIAMMA THERMOCONTROL,2490
26544G,OMEGA JACKARD,2125
2125030101,VISCO,1585
2914020092,FIRM,1220
2915010098,RUNA,1585
267011,MICKEY,645
2917020005,FIRM,2340
2126023191,ANTISTRESS,2120
2665AK,FLEXICUP,2535
4126041801,SIMMONS SWEET SLEEPER EURO SHERATON,2120
2914020013,FUTURPEDIC,1250
267373,TARENTO PT,1585
2917020006,FUTURPEDIC,2295
267425,SAN REMO,2120
266232,RIZZOLI,1280
2843C3,QUBO ALOE VERA,1580
458329,SIMMONS BEAUTY REST - SHERATON SWEET SLEEPER EURO,1580
26504C,SUPER FOAM,640
266532,RIZZOLI,2460
2916010002,CARAL,2115
2144022601,SILHOUETTE,1200
2147022601,SILHOUETTE,2605
4126041201,SIMMONS FELICITY RECHARGE,2115
266274,SILVER,820
284304,POCKET RAICES NAZCA,1575
266574,SILVER,2470
284444,HOTELERO 5 ESTRELLAS,2115
2662A7,TERRA LATEX FRESH,1250
2915023901,TERRA SOYAMBOO,1575
2665A7,TERRA LATEX FRESH,2420
2916210001,SAN MARINO PT,2115
2125040591,SIMMONS BEAUTYREST HYBRID,1570
266046,DRIMER,635
458397,JACKARD GALAXY PT,1570
467301,MIRACOIL HILTON SUITE DREAMS,1570
2915010003,PT,1570
2124020401,ACQUA VISCO,1080
458326,SIMMONS BEAUTY REST - RECHARGE,1570
2127020401,ACQUA VISCO,2290
2844S4,SIMMONS BEAUTYREST PT AUDRINA LUX FIRM,2115
2124020991,ACTIPRO,1110
2843S5,SIMMONS WORLD CLASS PT JAELYN LUX FIRM,1570
2127020901,ACTIPRO,2250
267405,BELLISIMA AKTUAL,2110
2124021091,AERO AIRFRESH,1270
2915010021,URPI,1570
2127021001,AERO AIRFRESH,2585
2844170000,CONTINENTAL REPOSE,2110
2124020501,AERO LATEX,840
284306,WARI KUELAP,1570
26535A,SUPER FOAM POLIALGODON,1565
2127020501,AERO LATEX,2585
2844B6,POCKET ANTISTRESS,2110
2124023191,ANTISTRESS,950
2145020801,ACQUA CIRCULACION,1565
2127023101,ANTISTRESS,2585
267447,POCKET LATEX,2110
2124020301,BOTANIA,1030
2843620002,DRIMER OMEGA,1565
2127020301,BOTANIA,2620
2844B4,SILVER,2110
2914010010,CARAL,860
2115030391,ENERGY,1565
2917010001,CARAL,2435
266432,RIZZOLI,2105
2124030701,DREAM,1240
2915020004,GEMINIS PT,1565
2127030701,DREAM,2615
2844A7,FIAMMA THERMOCONTROL,2105
2124030491,GRAVITY,880
4915040003,SIMMONS SLEEP PLUSH,1560
2127030491,GRAVITY,2325
2126040791,SIMMONS BEAUTYREST RECHARGE PT,2100
2124022101,HOTEL CONCEPT,1120
284314,CONTINENTAL SIR REPOSE,1560
2127022101,HOTEL CONCEPT,2495
2126030101,VISCO,2100
2124022401,LATEX BAMBOO,850
2125022401,LATEX BAMBOO,1555
2127022401,LATEX BAMBOO,2515
267446,OMEGA,2100
2127022501,LATEX FLEXICUP,2525
458424,SIMMONS BEAUTY REST - FELICITY RECHARGE,2100
2914020014,LATEX SILVER,990
284343,TECHNODREAM ZENTRIX,1555
2917020007,LATEX SILVER,2410
2116023601,TERRA BAMBOO,2100
2914010012,NAZCA,1210
2843C4,DRIMER ALOE VERA,1550
2917010003,NAZCA,2325
2146020101,CROMO,2095
2124030201,OXYGEN,1260
284397,TECHNODREAM FIT,1550
4126041501,SIMMONS LUXURY COLLECTION TOP,2095
2124023201,PREMIUM POCKET,1210
2115030901,QUBO ANTISTRESS,1545
2127023201,PREMIUM POCKET,2535
284404,POCKET RAICES NAZCA,2090
2124023301,PRO RUNNER ACTIBIO,1000
265323,DORMIDITA NOTEX,1540
2127023391,PRO RUNNER ACTIBIO,2695
267401,PRINCE,2090
2124023401,PRO RUNNER OXYGEL,1020
4915040004,SIMMONS - TRUE ENERGY ADVANCE,1540
2127023401,PRO RUNNER OXYGEL,2260
458435,SIMMONS BR RECHARGE AUDRINA LUXURY P/T,2090
2124020201,PURE FRESH,1160
2915010020,TAMBO,1540
2127020201,PURE FRESH,2455
2126020901,ACTIPRO,2085
2124011101,REPOSE,2215
2126021001,AERO AIRFRESH,2085
265324,DORMIDITA POLIALGODON,1535
4127050301,SERTA HYBRID OBSERVER,2380
2126020501,AERO LATEX,2085
2145020101,CROMO,1535
2127050101,SERTA PERFECT SLEEPER KLEINMON PT,2655
2126041001,SIMMONS NIGHTFALL RECHARGE PT,2085
2125020591,AERO LATEX,1535
2127050201,SERTA PERFECT SLEEPER WESBOROUGH PT,2555
2844S1,SIMMONS BEAUTYREST AUDRINA LUX FIRM,2085
4127040201,SIMMONS ALOFT ET WITH EVERNU,2475
267422,VESUBIO,2085
458430,SIMMONS BEAUTY REST - HARMONY HILTON,2080
2844S3,SIMMONS HYBRID MARLEE PLUSH,2080
267442,SEVILLA,2075
267317,IKASA SILVER SPRING,1535
2127040301,SIMMONS BEAUTYREST CHAPELLE PLUSH,2380
2126041101,SIMMONS BEAUTYREST SILVER PT,2070
2843S4,SIMMONS BEAUTYREST PT AUDRINA LUX FIRM,1530
2127040491,SIMMONS BEAUTYREST FELICITY,2460
458450,POCKET ICOMFORT HYBRID OBSERVER,2070
2125020901,ACTIPRO,1525
2127040501,SIMMONS BEAUTYREST HYBRID,2245
284403,POCKET RAICES SIPAN,2070
2115024801,DRIMER TENCEL,1525
2127040201,SIMMONS BEAUTYREST PLATINUM PT,2225
458423,SIMMONS BEAUTY REST - BLACK GABRIELA,2070
2843C5,DRIMER VISCO CARBON,1525
2127040601,SIMMONS BEAUTYREST RECHARGE,2400
458432,SIMMONS HOSPITALITY FOUR POINTS SHERATON EUROTOP,2070
2115021801,GEMINIS,1525
2127040791,SIMMONS BEAUTYREST RECHARGE PT,2250
2844C1,TERRA LATEX ALOE VERA,2070
2115021301,ANTARES,1520
2127041101,SIMMONS BEAUTYREST SILVER PT,2350
2136021901,HIPERSOFT DRILL,2065
284303,POCKET RAICES SIPAN,1520
2127040801,SIMMONS BEAUTYREST WORLD CLASS,2265
2146020301,DRIMER FOREVER YOUNG,2065
2125020401,ACQUA VISCO,1515
2127040901,SIMMONS BEAUTYREST WORLD CLASS PT,2505
267479,FIRENZE ANTISTRESS PT,2065
458305,CIC PILOU,1515
2127040101,SIMMONS BEAUTYSLEEP,2330
267443,GEMINIS,2065
4127040401,SIMMONS BLACK NAPA PT,2600
2916020093,NATURE EURO SOYA POCKET,2065
4917040002,SIMMONS EVIE PLUSH LUX FIRM,2570
4917040092,SIMMONS EVIE PLUSH LUX FIRM,2485
4126041401,SIMMONS HYDE PARK PLUSH,2060
4127041201,SIMMONS FELICITY RECHARGE,2355
2116021101,DRIMER FRESH,2060
4126050301,SERTA HYBRID OBSERVER,2055
4917040003,SIMMONS FOUR POINTS SHERATON,2420
265328,SUPER FOAM DRILL,1510
4127041302,SIMMONS HARMONY HILTON,2400
2116024891,DRIMER TENCEL,2050
4917040004,SIMMONS HEAVENLY,2660
284405,WARI PARACAS,2050
4917040005,SIMMONS HEAVENLY EVERNU WESTIN,2615
458428,SIMMONS BEAUTY REST - HEAVENLY,2045
265427,SUPER FOAM POLIALGODON,2040
2115010601,ACQUA REPOSE,1510
4127041401,SIMMONS HYDE PARK PLUSH,2680
458437,SIMMONS BR RECHARGE WORLD CLASS JAELYN LUX P/T,2040
267494,VALENCIA PT,2040
26542B,SUPER FOAM DRILL,2035
2915010022,VICUS,1510
4127041501,SIMMONS LUXURY COLLECTION TOP,2430
2916020010,FIRM,2035
4127041601,SIMMONS LUXURY COLLECTION TOP V/2,2655
4127040501,SIMMONS NIGHTFALL PT,2200
2125050201,SERTA PERFECT SLEEPER WESBOROUGH PT,1505
2127041001,SIMMONS NIGHTFALL RECHARGE PT,2235
2916010004,NAZCA,2035
284316,CONTINENTAL REAL REPOSE,1505
2116030691,OZONO,2035
267391,ORION PT,1505
4127041801,SIMMONS SWEET SLEEPER EURO SHERATON,2560
2916020005,TERRA ALOE VERA,2030
284374,FIRENZE HR,1500
2914010017,SIPAN,1020
2915010015,PARACAS,1500
2917010005,SIPAN,2285
2126022401,LATEX BAMBOO,2025
2124020101,VENTUS,880
2915010002,SITE,1500
2127020191,VENTUS,2215
267480,FIRENZE VISCOELASTIC,2025
2124030101,VISCO,920
267339,VENETTO,1500
267426,FLORENCIA,2025
2124024091,VISCO CARBON,1040
465283,BLUEPULSE,1495
2127024001,VISCO CARBON,2595
284452,NATURE EURO SOYA POCKET,2025
2843930002,DRIMER ANTARES,1495
2114020401,3 ESTRELLAS,1150
458396,OMEGA PT,1495
2117020401,3 ESTRELLAS,2585
2844C2,AERO LATEX BAMBOO,2020
458321,SIMMONS BEAUTY REST - TRUE ENERGY ADVANCE,1495
2114020501,4 ESTRELLAS,1010
2915020007,TERRA COTTON FRESH,1495
2117020501,4 ESTRELLAS,2630
267492,SEVILLA PT,2020
267036,X DM2 C/TELA COOL MAX (TIPO VESUBIO),1495
2114020691,5 ESTRELLAS,1020
2145022301,ANTIACAROS,1490
2117020601,5 ESTRELLAS,2620
2126022101,HOTEL CONCEPT,2015
458201,ACQUA C/POLISEDA,820
2115011201,LORD REPOSE,1490
2915010016,QUIPU,1490
2842A4,ACQUA CIRCULACION,1010
2125040201,SIMMONS BEAUTYREST PLATINUM PT,1485
2845A4,ACQUA CIRCULACION,2650
2116021501,DRIMER ACTIBIO,2015
2842A8,ACQUA CIRCULACION ADVANCE,1040
2115050201,SERTAPEDIC NEW WAITROSE,1485
2845A8,ACQUA CIRCULACION ADVANCE,2680
26542C,SUPER FOAM JACKARD,2010
2842B2,ACQUA CIRCULACION II,840
2843B2,ACQUA CIRCULACION II,1480
2845B2,ACQUA CIRCULACION II,2600
2116020691,5 ESTRELLAS,2010
2114010601,ACQUA REPOSE,1010
2915020013,LATEX SILVER,1475
4914010001,ACQUA VARIOS,1010
267374,SAN MARINO PT,1475
2842A1,ACQUA VISCOELASTIC,1100
2145020401,DRIMER ZEN,1470
2845A1,ACQUA VISCOELASTIC,2220
2126040291,SIMMONS BEAUTYREST PLATINUM PT,2005
2842B3,ACTIPRO,970
458399,TC POLUX,1470
2845B3,ACTIPRO,2650
2844C6,DRIMER ANTISTRESS,2005
284250,AERO AIRFRESH,1250
267333,ZENNA POCKET 1,1470
284550,AERO AIRFRESH,2480
2844A3,QUBO ANTISTRESS,2005
2842A9,AERO AIRFRESH ADVANCE,1200
267343,GEMINIS,1465
2845A9,AERO AIRFRESH ADVANCE,2510
2116020701,INTENSO,2000
2842A2,AERO AROMATERAPIA,1230
2115031101,ZENTRIX,1465
2845A2,AERO AROMATERAPIA,2670
267453,REAL PT,2000
2842C2,AERO LATEX BAMBOO,870
2135000001,TERRA COTTON,1460
2845C2,AERO LATEX BAMBOO,2240
284424,TRAVEL EXTRA HOTELERO IGNIFUGO,2000
2145020301,DRIMER FOREVER YOUNG,1460
2114021201,ALOE VERA,950
2125030201,OXYGEN,1460
2117021201,ALOE VERA,2350
2126030491,GRAVITY,1995
2843A3,TECHNODREAM QUBO ANTISTRESS,1460
2114021301,ANTARES,1210
267322,VESUBIO,1460
2117021391,ANTARES,2430
2844C5,DRIMER VISCO CARBON,1995
267021,BARI,635
458241,ATOM,1170
2915010010,CARAL,1455
284305,WARI PARACAS,1455
2115020801,PLAYA,1450
284211,AYLLU APU,1210
2915010006,VESUBIO,1450
284262,AYLLU QUIPU,1090
265327,SUPER FOAM POLIALGODON,1445
267001,PRINCE,595
284209,AYLLU TAMBO,1190
2132010906,ELASTIC FOAM POLIALGODON,1445
2843A5,FIAMMA IGNIFUGO,1445
284210,AYLLU URPI,1170
267396,OMEGA PT,1445
2114020101,BACK THERAPY,810
2115021501,DRIMER ACTIBIO,1440
2117020101,BACK THERAPY,2260
267454,PT,1995
267221,BARI,950
458343,DRIMER ZENTRIX,1440
26559M,SOYA,1435
2111023701,TERRA COTTON,595
267521,BARI,2640
2844S5,SIMMONS WORLD CLASS PT JAELYN LUX FIRM,1995
267326,FLORENCIA,1435
2914010004,BAVENO,1020
2843B6,POCKET ANTISTRESS,1435
267205,BELLISIMA AKTUAL,1190
284308,WARI VICUS,1435
4125041301,SIMMONS HARMONY HILTON,1430
267505,BELLISIMA AKTUAL,2405
2146020201,ESENCIA,1990
284350,AERO AIRFRESH,1430
2114030101,BREEZE,950
458322,SIMMONS BEAUTY SLEEP - PLUSH,1430
458205,CIC PILOU,810
284393,TECHNODREAM OZONO,1425
284218,CONTINENTAL ACQUA REPOSE,1100
2843B5,VISCO ANTISTRESS,1425
284215,CONTINENTAL LORD REPOSE,1050
2145020201,ESENCIA,1420
284402,POCKET RAICES CARAL,1990
284216,CONTINENTAL REAL REPOSE,1220
2125040791,SIMMONS BEAUTYREST RECHARGE PT,1420
2845160000,CONTINENTAL REAL REPOSE,2280
458426,SIMMONS BEAUTY REST - RECHARGE,1990
284217,CONTINENTAL REPOSE,860
2845170000,CONTINENTAL REPOSE,2520
2126040891,SIMMONS BEAUTYREST WORLD CLASS,1985
284214,CONTINENTAL SIR REPOSE,1250
284315,CONTINENTAL LORD REPOSE,1420
2114030201,COOL,1120
2115030201,COOL,1420
458431,SIMMONS BEAUTYREST HYDE PFIBRA PLUSH,1985
267256,DESPERTARES,930
2125024801,DRIMER LATEX TENCEL,1420
267556,DESPERTARES,2225
2116020501,4 ESTRELLAS,1980
2115030501,NEO,1420
458202,DI BIANCO,1210
267378,FIRENZE COOL MAX PT,1415
2125021091,AERO AIRFRESH,1410
213027,DI BIANCO VARIOS,880
2843960002,DRIMER GALAXY,1410
267211,DISNEY MICKEY,1280
267213,DISNEY POWER RANGER,800
267214,DISNEY PRINCESITAS,1170
267212,DISNEY WINNIE POOH,1200
2114021501,DRIMER ACTIBIO,1180
2843C7,DRIMER PRO RUNNER OXYGEL,1410
2117021501,DRIMER ACTIBIO,2250
2126050101,SERTA PERFECT SLEEPER KLEINMON PT,1975
2842C4,DRIMER ALOE VERA,910
2843A7,FIAMMA THERMOCONTROL,1410
267379,FIRENZE ANTISTRESS PT,1410
2845C4,DRIMER ALOE VERA,2395
458439,SIMMONS BEAUTYREST BLACK EVIE PLUSH LUX FIRM,1975
2842930002,DRIMER ANTARES,1090
284399,TECHNODREAM COOL,1410
2845930002,DRIMER ANTARES,2390
2146022601,SILHOUETTE,1970
2842C6,DRIMER ANTISTRESS,900
2843C2,AERO LATEX BAMBOO,1405
2845C6,DRIMER ANTISTRESS,2610
267434,VISCOELASTIC POCKET,1970
2114021101,DRIMER FRESH,1260
2114021191,DRIMER FRESH,940
2125023401,PRO RUNNER OXYGEL,1400
2117021101,DRIMER FRESH,2265
2916020013,NATURE EURO SOYA POCKET,1965
2842960002,DRIMER GALAXY,1190
2125041101,SIMMONS BEAUTYREST SILVER PT,1400
2845960002,DRIMER GALAXY,2660
266417,CIC,1960
2842080002,DRIMER GEMINIS,810
267305,BELLISIMA AKTUAL,1400
2845080002,DRIMER GEMINIS,2610
2916020011,FUTURPEDIC,1960
2124024801,DRIMER LATEX TENCEL,1140
2135020101,ANTISTRESS,1395
2127024891,DRIMER LATEX TENCEL,2400
4126040201,SIMMONS ALOFT ET WITH EVERNU,1960
2842620002,DRIMER OMEGA,800
2663A4,ACQUA SPORT,1395
267245,DRIMER PREMIUM POCKET,1170
284362,AYLLU QUIPU,1395
2842C8,DRIMER PRO RUNNER ACTIBIO,1180
284309,AYLLU TAMBO,1390
2845C8,DRIMER PRO RUNNER ACTIBIO,2325
2126023391,PRO RUNNER ACTIBIO,1955
2842C7,DRIMER PRO RUNNER OXYGEL,910
2125030401,GRAVITY,1380
2845C7,DRIMER PRO RUNNER OXYGEL,2515
2116011301,REAL REPOSE,1950
2114024801,DRIMER TENCEL,870
2915010012,NAZCA,1380
2117024801,DRIMER TENCEL,2645
2136020101,ANTISTRESS,1945
2842C5,DRIMER VISCO CARBON,890
2135021901,HIPERSOFT DRILL,1375
2845C5,DRIMER VISCO CARBON,2420
2664A4,ACQUA SPORT,1945
458243,DRIMER ZENTRIX,1030
2915020090,FIAMMA ANTISTRESS,1375
2115030601,OZONO,1375
2843S2,SIMMONS WORLD CLASS JAELYN LUX FIRM,1375
267380,FIRENZE VISCOELASTIC,1370
2114030301,ENERGY,1250
284394,TECHNODREAM GRAVITY,1370
265326,DIAGONAL POLIALGODON,1365
2117030391,ENERGY,2505
284446,HOTELERO 3 ESTRELLAS,1945
284249,FIAMMA ANTISTRESS,900
4195053501,MIRACOIL SERTA SUITE DREAMS HILTON,1365
2843C1,TERRA LATEX ALOE VERA,1360
284549,FIAMMA ANTISTRESS,2560
284491,QUANTUM,1945
2842A5,FIAMMA IGNIFUGO,1130
2125040601,SIMMONS BEAUTYREST RECHARGE,1355
4125050301,SERTA HYBRID OBSERVER,1350
2845A5,FIAMMA IGNIFUGO,2420
2844C7,DRIMER PRO RUNNER OXYGEL,1940
2843B3,ACTIPRO,1350
2842A7,FIAMMA THERMOCONTROL,1200
2115020791,INTENSO,1350
2845A7,FIAMMA THERMOCONTROL,2280
2116020391,FUTUREPEDIC,1940
267277,FIRENZE ALOE VERA PT,920
267302,NATURE,1350
267346,OMEGA,1350
267577,FIRENZE ALOE VERA PT,2245
2126020301,BOTANIA,1935
267279,FIRENZE ANTISTRESS PT,1170
284324,TRAVEL EXTRA HOTELERO IGNIFUGO,1345
266317,CONTINENTAL,1340
267579,FIRENZE ANTISTRESS PT,2320
2116020201,MANTRA,1935
267278,FIRENZE COOL MAX PT,880
267392,SEVILLA PT,1340
265A2C,SUPER FOAM JACKARD,1335
267578,FIRENZE COOL MAX PT,2440
2916010006,RUNA,1935
284273,FIRENZE FRESH,1100
26534G,OMEGA JACKARD,1335
2125040301,SIMMONS BEAUTYREST CHAPELLE PLUSH,1330
284573,FIRENZE FRESH,2550
4126041391,SIMMONS HARMONY HILTON,1930
284274,FIRENZE HR,1140
267349,POCKET VISCO,1330
284574,FIRENZE HR,2495
2844A1,ACQUA VISCOELASTIC,1930
267280,FIRENZE VISCOELASTIC,1240
26523M,SOYA TOPPER,1325
2125020501,AERO LATEX,1325
267580,FIRENZE VISCOELASTIC,2215
284494,TECHNODREAM GRAVITY,1930
2914030002,FIT,1070
2115030101,BREEZE,1325
267226,FLORENCIA,1010
267345,DRIMER PREMIUM POCKET,1325
284396,TECHNODREAM ENERGY,1325
267526,FLORENCIA,2215
2916210002,ZENNA,1925
2114020391,FUTUREPEDIC,1150
213028,DI BIANCO VARIOS,1320
2117020391,FUTUREPEDIC,2410
266474,SILVER,1920
2843S3,SIMMONS HYBRID MARLEE PLUSH,1320
2114021701,GALAXY,970
284395,TECHNODREAM OXYGEN,1320
2917021701,GALAXY,2605
2126040101,SIMMONS BEAUTYSLEEP,1920
2115020901,TERRA,1320
2114021891,GEMINIS,910
284363,WARI RUNA,1320
266032,RIZZOLI,585
2917021801,GEMINIS,2420
2844930002,DRIMER ANTARES,1920
267243,GEMINIS,920
2131000001,TELA,1315
2115020391,FUTUREPEDIC,1315
2111021801,GEMINIS,565
267543,GEMINIS,2565
2844960002,DRIMER GALAXY,1920
267293,GEMINIS PT,890
267307,VERDUM,1315
2843B1,QUBO COOL MAX,1310
267593,GEMINIS PT,2325
267477,FIRENZE ALOE VERA PT,1920
284246,HOTELERO 3 ESTRELLAS,1060
458327,SIMMONS BEAUTY REST - SIGNATURE RECHARGE,1310
284398,TECHNODREAM NEO,1310
284546,HOTELERO 3 ESTRELLAS,2220
267445,PREMIUM,1920
284245,HOTELERO 4 ESTRELLAS,920
284321,ZENNA POCKET,1310
26538J,COOL MAX SUMMER,1305
284545,HOTELERO 4 ESTRELLAS,2410
2844B8,HOTELERO DRIMER CONCEPT,1915
284244,HOTELERO 5 ESTRELLAS,840
458347,JACKARD GALAXY,1305
284348,TERRA ALOE VERA,1305
284544,HOTELERO 5 ESTRELLAS,2525
2126022501,LATEX FLEXICUP,1910
284241,HOTELERO 7 ESTRELLAS,960
267325,SAN REMO,1300
2843S6,SIMMONS BEAUTYREST FELICITY,1300
284541,HOTELERO 7 ESTRELLAS,2525
2844A5,FIAMMA IGNIFUGO,1910
2842B8,HOTELERO DRIMER CONCEPT,800
2915010007,VESUBIO II,1300
2845B8,HOTELERO DRIMER CONCEPT,2440
284474,FIRENZE HR,1910
284240,IBIZA,1170
266346,DRIMER,1295
284392,TECHNODREAM BREEZE,1295
266017,CIC,560
284540,IBIZA,2240
284445,HOTELERO 4 ESTRELLAS,1910
2911010001,TAMBO,540
267046,OMEGA,535
267216,IKASA GOLDEN SPRING,1100
266320,ACTIPRO,1290
267217,IKASA SILVER SPRING,1060
2145021601,FIAMMA THERMOCONTROL,1290
2114020701,INTENSO,1050
458341,SIMMONS BEAUTY REST LUXURY - COLLECTION TOP,1290
2117020701,INTENSO,2635
2117020791,INTENSO,2565
284441,HOTELERO 7 ESTRELLAS,1910
2843C9,TECHNODREAM POCKET DREAM,1290
2131011001,SUPER FOAM JACKARD,530
458247,JACKARD GALAXY,900
4125041801,SIMMONS SWEET SLEEPER EURO,1285
2115021201,ALOE VERA,1280
267356,DESPERTARES,1280
458297,JACKARD GALAXY PT,1110
458398,POLISEDA PT,1280
2114022201,LATEX ACTIPRO,1220
2115011501,SIR REPOSE,1280
2117022201,LATEX ACTIPRO,2375
284406,WARI KUELAP,1910
2114011201,LORD REPOSE,1170
284326,PRATO,1275
2844A9,AERO AIRFRESH ADVANCE,1905
2114020291,MANTRA,920
267316,IKASA GOLDEN SPRING,1270
2117020201,MANTRA,2445
4916040005,SIMMONS BACK CARE NON FLIP,1900
267013,POWER RANGER,530
267043,GEMINIS,525
458331,SIMMONS BEAUTY REST HYDE PARK PLUSH,1270
467501,MIRACOIL HILTON SUITE DREAMS,2410
2125050101,SERTA PERFECT SLEEPER KLEINMON PT,1265
2115020101,BACK THERAPY,1265
2914010011,MOCHE,910
265325,DORMIDITA POLIALGODON ACOLCHADO,1260
2917010002,MOCHE,2615
4126040401,SIMMONS BLACK NAPA PT,1900
267202,NATURE,1070
2125020301,BOTANIA,1260
2843A9,AERO AIRFRESH ADVANCE,1260
267502,NATURE,2410
2116030291,COOL,1900
284252,NATURE EURO SOYA POCKET,1130
2917020098,NATURE EURO SOYA POCKET,2415
466401,ICOMFORT GUIDANCE,1895
266447,DRIMER FUTURPEDIC,1895
2116020101,BACK THERAPY,1895
2114030501,NEO,1210
267347,POCKET LATEX,1260
458246,OMEGA,1060
284340,IBIZA,1255
267353,REAL PT,1255
458546,OMEGA,2225
267421,BARI,1890
267546,OMEGA,2500
2911020002,FIRM,510
2126020201,PURE FRESH,1880
267246,OMEGA,1260
2115011301,REAL REPOSE,1255
2915020011,FIRM,1250
458296,OMEGA PT,1230
2125020291,PURE FRESH,1250
284311,AYLLU APU,1250
458596,OMEGA PT,2370
2126050201,SERTA PERFECT SLEEPER WESBOROUGH PT,1880
267596,OMEGA PT,2235
266420,ACTIPRO,1875
267296,OMEGA PT,1000
2125023201,PREMIUM POCKET,1245
458302,DI BIANCO,1245
267241,ORION,1000
2115021701,GALAXY,1245
267394,VALENCIA PT,1245
284040-2,IBIZA III,505
267541,ORION,2435
267493,GEMINIS PT,1875
267291,ORION PT,900
2915020017,ACQUA VISCOELASTIC,1240
284312,ECONOMICO OUTLET,1240
267591,ORION PT,2315
2844B1,QUBO COOL MAX,1875
2914030003,OXYGEN,1130
2917030001,OXYGEN,2245
284451,TERRA COTTON FRESH,1875
284347,TERRA COTTON,1240
2114030601,OZONO,1020
2125041001,SIMMONS NIGHTFALL RECHARGE PT,1235
2117030691,OZONO,2525
2116022201,LATEX ACTIPRO,1870
2914010013,PARACAS,800
2915030002,FIT,1235
2917010004,PARACAS,2465
284463,WARI RUNA,1870
2114020801,PLAYA,810
284307,WARI MOCHE,1235
2842B6,POCKET ANTISTRESS,860
2915210008,ZENNA,1235
2845B6,POCKET ANTISTRESS,2565
265429,SUPER FOAM JACKARD,1865
267248,POCKET DREAM,850
26532B,SUPER FOAM DRILL,1230
4135050201,SERTA GUIDANCE,1230
267548,POCKET DREAM,2650
458420,POCKET SIMMONS ST. CHAPELLE,1865
2125023391,PRO RUNNER ACTIBIO,1225
458550,POCKET ICOMFORT HYBRID OBSERVER,2600
2126040901,SIMMONS BEAUTYREST WORLD CLASS PT,1855
267247,POCKET LATEX,1280
2115010791,ATOM,1225
267547,POCKET LATEX,2665
2126040401,SIMMONS BEAUTYREST FELICITY,1850
284202,POCKET RAICES CARAL,1130
284373,FIRENZE FRESH,1225
284502,POCKET RAICES CARAL,2655
2844B2,ACQUA CIRCULACION II,1850
284204,POCKET RAICES NAZCA,910
2843A4,ACQUA CIRCULACION,1220
284504,POCKET RAICES NAZCA,2630
2916010005,PARACAS,1850
284203,POCKET RAICES SIPAN,820
2843C8,DRIMER PRO RUNNER ACTIBIO,1220
284503,POCKET RAICES SIPAN,2255
284426,PRATO,1850
267451,PRINCE PT,1850
267249,POCKET VISCO,1280
2125030701,DREAM,1215
267549,POCKET VISCO,2270
2664AC,FIAMMA THERMOCONTROL,1840
458248,POLISEDA GALAXY,830
2915010019,SIPAN,1215
2843C6,DRIMER ANTISTRESS,1215
458298,POLISEDA PT,1280
2115021101,DRIMER FRESH,1215
284040-1,IBIZA II,495
267014,MICKEY PRINCESITAS,475
458345,TC MERCURY,1215
284226,PRATO,960
2915010011,MOCHE,1210
2116040101,SIMMONS BEAUTYSLEEP,1840
284526,PRATO,2535
267341,ORION,1210
267545,PREMIUM,2350
26542D,ELASTIC FOAM POLIALGODON,1835
2131010901,ELASTIC FOAM DRILL,465
4915040002,SIMMONS - SIGNATURE RECHARGE,1210
2914010006,PRINCE,960
26533E,ELASTIC FOAM DRILL,1205
267041,ORION,460
267501,PRINCE,2610
2146022301,ANTIACAROS,1835
267251,PRINCE PT,910
4125041501,SIMMONS LUXURY COLLECTION TOP,1200
267351,PRINCE PT,1200
267551,PRINCE PT,2305
2126040601,SIMMONS BEAUTYREST RECHARGE,1830
267254,PT,870
4915040005,SIMMONS - WESTBURY RECHARGE,1200
284325,TRAVEL HOTELERO STANDARD IGNIFUGO,1200
267554,PT,2570
2916020015,SILVER,1830
284291,QUANTUM,890
26515L,DRILL,1195
26516K,ZENTRIX X,1190
2917030801,QUANTUM,2610
2126030701,DREAM,1825
2842C3,QUBO ALOE VERA,810
458196,OMEGA PT,1185
2916020012,LATEX SILVER,1825
4122041101,SIMMONS SWEET SLEEPER EVERNU,1180
2114030901,QUBO ANTISTRESS,1070
2112030601,OZONO,1180
2117030901,QUBO ANTISTRESS,2490
267456,DESPERTARES,1825
2842B1,QUBO COOL MAX,850
284196,TECHNODREAM ENERGY,1170
2845B1,QUBO COOL MAX,2590
267478,FIRENZE COOL MAX PT,1825
2914010014,QUIPU,1190
2112020601,5 ESTRELLAS,1160
267253,REAL PT,830
2132020101,ANTISTRESS,1160
267126,FLORENCIA,1155
267553,REAL PT,2570
284407,WARI MOCHE,1825
2114011301,REAL REPOSE,1180
2112030801,QUANTUM,1155
2117011301,REAL REPOSE,2365
2844C8,DRIMER PRO RUNNER ACTIBIO,1820
2914010016,RUNA,910
284126,PRATO,1150
284447,TERRA COTTON,1820
2132023703,TERRA COTTON,1150
2914210009,SAN MARINO PT,840
267121,BARI,1145
267574,SAN MARINO PT,2210
284442,XEON,1820
267225,SAN REMO,820
26512C,SUPER FOAM JACKARD,1140
26514F,GEMINIS JACKARD,1140
267525,SAN REMO,2350
26548N,TERRA COTTON,1815
284109,AYLLU TAMBO,1130
2117050201,SERTAPEDIC NEW WAITROSE,2420
2916010003,MOCHE,1815
2114050101,SERTAPEDIC WAITROSE,1040
267148,POCKET DREAM,1130
2117050101,SERTAPEDIC WAITROSE,2590
458433,SIMMONS BEAUTY REST - HEAVENLY EVERNU WESTIN,1810
267242,SEVILLA,1050
458101,ACQUA C/POLISEDA,1125
267196,OMEGA PT,1120
2131020001,IMPERMEABLE,440
267542,SEVILLA,2350
2844S2,SIMMONS WORLD CLASS JAELYN LUX FIRM,1810
267292,SEVILLA PT,920
458147,JACKARD GALAXY,1120
284145,HOTELERO 4 ESTRELLAS,1115
267592,SEVILLA PT,2495
284408,WARI VICUS,1810
2914020016,SILVER,1020
284101,SITE,1115
2917020009,SILVER,2445
2845B4,SILVER,2210
4136050291,SERTA GUIDANCE,1805
267448,POCKET DREAM,1805
2844S6,SIMMONS BEAUTYREST FELICITY,1800
284493,TECHNODREAM OZONO,1800
284143,ZENTRIX,1110
458197,JACKARD GALAXY PT,1110
2664AK,FLEXICUP,1795
267178,FIRENZE COOL MAX PT,1105
284472,VISCOELASTIC POCKET PT,1795
458523,SIMMONS BEAUTY REST - BLACK GABRIELA,2505
2146020491,DRIMER ZEN,1790
458524,SIMMONS BEAUTY REST - FELICITY RECHARGE,2375
2664A7,TERRA LATEX FRESH,1790
458530,SIMMONS BEAUTY REST - HARMONY HILTON,2500
4585300002,SIMMONS BEAUTY REST - HARMONY HILTON,2450
284496,TECHNODREAM ENERGY,1790
458528,SIMMONS BEAUTY REST - HEAVENLY,2435
267433,ZENNA POCKET,1790
458533,SIMMONS BEAUTY REST - HEAVENLY EVERNU WESTIN,2615
4916040017,SIMMONS JAELYN LUX P/T,1785
284106,WARI KUELAP,1100
458526,SIMMONS BEAUTY REST - RECHARGE,2620
2844A2,AERO AROMATERAPIA,1780
458532,SIMMONS BEAUTY REST - SHERATON FOUR POINTS,2260
2112020401,3 ESTRELLAS,1100
458529,SIMMONS BEAUTY REST - SHERATON SWEET SLEEPER EURO,2650
2841B7,TERRA BAMBOO,1095
267143,GEMINIS,1095
458521,SIMMONS BEAUTY REST - TRUE ENERGY ADVANCE,2575
2844080002,DRIMER GEMINIS,1780
458148,POLISEDA GALAXY,1085
458542,SIMMONS BEAUTY REST ALOFT ET - WITH EVERNU,2520
4916040007,SIMMONS - BLACK GABRIELA,1780
2841A3,QUBO ANTISTRESS,1085
458531,SIMMONS BEAUTY REST HYDE PFIBRA PLUSH 180 X 200,2330
2912020003,FIRM,1085
458541,SIMMONS BEAUTY REST LUXURY - COLLECTION TOP,2610
4585410002,SIMMONS BEAUTY REST LUXURY - COLLECTION TOP V/2,2280
267181,ZENNA PT,1085
2912010001,MOCHE,1070
2845S1,SIMMONS BEAUTYREST AUDRINA LUX FIRM,2275
2844A6,TERRA SOYAMBOO,1780
458539,SIMMONS BEAUTYREST BLACK EVIE PLUSH LUX FIRM,2680
4916041701,SIMMONS - RECHARGE,1775
26512E,ELASTIC FOAM DRILL,1065
2845S6,SIMMONS BEAUTYREST FELICITY,2200
2916030002,OXYGEN,1770
284499,TECHNODREAM COOL,1770
26512B,SUPER FOAM DRILL,1065
2845S4,SIMMONS BEAUTYREST PT AUDRINA LUX FIRM,2570
2126040591,SIMMONS BEAUTYREST HYBRID,1765
284415,CONTINENTAL LORD REPOSE,1765
2112010701,ATOM,1060
2117040101,SIMMONS BEAUTYSLEEP,2600
26544F,GEMINIS JACKARD,1760
2126023201,PREMIUM POCKET,1760
2844B3,ACTIPRO,1760
2116050201,SERTAPEDIC NEW WAITROSE,1760
267491,ORION PT,1755
458421,SIMMONS BEAUTY REST - TRUE ENERGY ADVANCE,1755
2112021801,GEMINIS,1055
2845S3,SIMMONS HYBRID MARLEE PLUS,2580
265125,DORMIDITA POLIALGODON ACOLCHADO,1040
458442,SIMMONS BEAUTY REST ALOFT ET - WITH EVERNU,1755
265128,SUPER FOAM DRILL,1035
2845S2,SIMMONS WORLD CLASS JAELYN LUX FIRM,2545
2126020401,ACQUA VISCO,1750
284193,TECHNODREAM OZONO,1035
2845S5,SIMMONS WORLD CLASS PT JAELYN LUX FIRM,2310
2126040301,SIMMONS BEAUTYREST CHAPELLE PLUSH,1750
2114011501,SIR REPOSE,930
2112030101,BREEZE,1035
2111023601,TERRA BAMBOO,435
2914010009,SITE,980
284146,HOTELERO 3 ESTRELLAS,1025
267107,VERDUM,1020
2114021001,STAR WARS,1050
284141,HOTELERO 7 ESTRELLAS,1015
2914010018,TAMBO,1150
267191,ORION PT,1015
284009,AYLLU TAMBO,430
267273,TARENTO PT,1210
267102,NATURE,1010
284195,TECHNODREAM OXYGEN,1010
267573,TARENTO PT,2490
2116021301,ANTARES,1750
458245,TC MERCURY,1270
267108,BAVENO,1005
458295,TC MERCURY PT,1080
2112021301,ANTARES,995
458249,TC POLISEDA ECONOMICO,820
458299,TC POLUX,1120
26513A,SUPER FOAM POLIALGODON,990
284292,TECHNODREAM BREEZE,880
267192,SEVILLA PT,985
267194,VALENCIA PT,980
284299,TECHNODREAM COOL,1240
26513D,ELASTIC FOAM POLIALGODON,975
4916040003,SIMMONS AUDRINA LUXURY FIRM,1745
284296,TECHNODREAM ENERGY,970
267156,DESPERTARES PT,970
267145,PREMIUM,960
284596,TECHNODREAM ENERGY,2255
2126024801,DRIMER LATEX TENCEL,1745
284297,TECHNODREAM FIT,950
267125,SAN REMO,960
284294,TECHNODREAM GRAVITY,810
284125,TRAVEL HOTELERO STANDARD IGNIFUGO,960
284594,TECHNODREAM GRAVITY,2255
267402,NATURE,1745
284298,TECHNODREAM NEO,1270
26516K0002,DRIMER OMEGA,955
284295,TECHNODREAM OXYGEN,960
267101,PRINCE,945
284108,WARI VICUS,945
284595,TECHNODREAM OXYGEN,2585
2844A8,ACQUA CIRCULACION ADVANCE,1740
284293,TECHNODREAM OZONO,910
267141,ORION,935
266117,CIC,930
284593,TECHNODREAM OZONO,2475
2116021701,GALAXY,1740
2842C9,TECHNODREAM POCKET DREAM,830
267122,VESUBIO,930
2842A3,TECHNODREAM QUBO ANTISTRESS,1190
267153,REAL PT,920
284243,TECHNODREAM ZENTRIX,1260
267146,OMEGA,920
2912010004,VICUS,920
284248,TERRA ALOE VERA,830
267193,GEMINIS PT,910
265123,DORMIDITA NOTEX,905
284548,TERRA ALOE VERA,2300
4916040014,SIMMONS HYBRID MARLEE PLUSH,1735
2842B7,TERRA BAMBOO,1040
26514G,OMEGA JACKARD,900
266132,RIZZOLI,900
284040,IBIZA,415
2117023601,TERRA BAMBOO,2485
2116011201,LORD REPOSE,1735
284247,TERRA COTTON,980
265126,DIAGONAL POLIALGODON,900
2841A5-1,FIAMMA IGNIFUGO II,895
458047,JACKARD,405
284547,TERRA COTTON,2615
26542E,ELASTIC FOAM DRILL,1730
284251,TERRA COTTON FRESH,1230
265122,ECOLOGICO POLIALGODON,895
26512A,SUPER FOAM POLIALGODON X,895
284551,TERRA COTTON FRESH,2660
266446,DRIMER,1730
2842C1,TERRA LATEX ALOE VERA,800
265121,ECOLOGICO NOTEX,890
2845C1,TERRA LATEX ALOE VERA,2340
4916040004,SIMMONS AUDRINA LUXURY P/T,1725
2842A6,TERRA SOYAMBOO,1230
284144,HOTELERO 5 ESTRELLAS,880
2112040001,SIMMONS HOTELERO CAMA AUXILIAR,880
2845A6,TERRA SOYAMBOO,2590
2116021291,ALOE VERA,1725
284224,TRAVEL EXTRA HOTELERO IGNIFUGO,970
267180,FIRENZE VISCOELASTIC,875
284524,TRAVEL EXTRA HOTELERO IGNIFUGO,2210
284440,IBIZA,1725
265127,SUPER FOAM POLIALGODON,865
2912010002,TAMBO,855
284225,TRAVEL HOTELERO STANDARD IGNIFUGO,820
284149,FIAMMA ANTISTRESS,850
267177,FIRENZE ALOE VERA PT,850
267179,FIRENZE ANTISTRESS PT,840
2914010019,URPI,900
284151,TERRA COTTON FRESH,835
267294,VALENCIA PT,1240
284147,TERRA COTTON,835
2841A6,TERRA SOYAMBOO,830
267594,VALENCIA PT,2540
2126024001,VISCO CARBON,1720
284192,TECHNODREAM BREEZE,825
267239,VENETTO,970
2912010003,URPI,825
267142,SEVILLA,825
2914010097,VERDUM,920
267151,PRINCE PT,815
267222,VESUBIO,910
26518J,COOL MAX SUMMER,805
267173,TARENTO PT,795
2112021701,GALAXY,790
267522,VESUBIO,2200
284473,FIRENZE FRESH,1720
284223,VESUBIO II,910
284140,IBIZA,790
267174,SAN MARINO PT,785
2914010020,VICUS,800
284173,FIRENZE FRESH,780
2917010006,VICUS,2570
2126023401,PRO RUNNER OXYGEL,1715
2842B5,VISCO ANTISTRESS,1240
2841A5,FIAMMA IGNIFUGO,765
2845B5,VISCO ANTISTRESS,2580
4916040016,SIMMONS JAELYN LUXURY FIRM,1715
267234,VISCOELASTIC POCKET,1020
458102,DI BIANCO,765
267534,VISCOELASTIC POCKET,2310
2116030301,ENERGY,1715
284272,VISCOELASTIC POCKET PT,930
267154,PT,760
284572,VISCOELASTIC POCKET PT,2495
284449,FIAMMA ANTISTRESS,1715
284206,WARI KUELAP,1060
265129,SUPER FOAM JACKARD,760
284127,TRAVEL HOTELERO ORTOPEDICO,760
284506,WARI KUELAP,2635
2916010008,VICUS,1715
284207,WARI MOCHE,1270
284107,WARI MOCHE,750
284110,AYLLU URPI,750
284507,WARI MOCHE,2270
267449,POCKET VISCO,1710
284205,WARI PARACAS,1200
458143,DRIMER ZENTRIX,750
284505,WARI PARACAS,2290
2844C3,QUBO ALOE VERA,1710
284263,WARI RUNA,1170
265124,DORMIDITA POLIALGODON,745
458438,SIMMONS BR RECHARGE HYBRID MARLEE PLUSH,1710
284208,WARI VICUS,1230
267105,BELLISIMA AKTUAL,740
2841C4,DRIMER ALOE VERA,735
284508,WARI VICUS,2430
2664A3,ACQUA CIRCULACION,1705
458146,OMEGA,730
2112030301,ENERGY,730
2114031091,XEON,1220
284148,TERRA ALOE VERA,725
284542,XEON,2650
4916040012,SIMMONS HEAVENLY EVERNU WESTIN,1700
2112020501,4 ESTRELLAS,725
267581,ZENNA,2300
458440,SIMMONS BACK CARE NON FLIP,1700
267233,ZENNA POCKET,970
458103,TRAVEL HOTELERO,720
284521,ZENNA POCKET,2530
458436,SIMMONS BR RECHARGE WORLD CLASS JAELYN LUXURY,1700
267139,VENETTO,715
267281,ZENNA PT,830
284142,XEON,715
2112021201,ALOE VERA,705
2114031101,ZENTRIX,1010
266146,DRIMER,700
270263,ADRIANO,930
270363,ADRIANO,1030
270190,ADRIANO I,700
270290,ADRIANO I,1140
270390,ADRIANO I,1340
270340,AIRE,1465
270176,ALONSO,650
270276,ALONSO,765
270376,ALONSO,1340
2703AR,ALTA 001 PU,1660
2701AV,ALTA 002 CHENILLE,755
2702AW,ALTA 003 PU,1040
2703AW,ALTA 003 PU,1035
2702B5,ALTA 004 PU,960
2703B5,ALTA 004 PU,1510
2702AZ,ALTA 005 PU,835
2703AZ,ALTA 005 PU,1585
270199,AMERICA,920
270299,AMERICA,1310
270399,AMERICA,1445
270150,ANDRE,750
270250,ANDRE,1185
270350,ANDRE,1190
270153,ANELKA,620
270253,ANELKA,845
270353,ANELKA,1630
2211010301,ANKARA,605
2212010301,ANKARA,990
2213010301,ANKARA,1535
2701AF,ANTONELLA,910
2702AF,ANTONELLA,930
2703AF,ANTONELLA,1565
2701AY,ANTONELLA PU,670
2702AY,ANTONELLA PU,1335
2703AY,ANTONELLA PU,1125
2701BG,ARANXA,840
2702BG,ARANXA,1365
2703BG,ARANXA,1015
2701AN,ARIANA,730
2702AN,ARIANA,825
2703AN,ARIANA,1495
270247,ARSENAL,1315
270347,ARSENAL,1405
2701AE,FIBRAE,930
2702AE,FIBRAE,1095
2703AE,FIBRAE,1205
270161,ASTON,885
270261,ASTON,1005
270361,ASTON,1445
270165,ASTON 2,760
270365,ASTON 2,1075
270220,ATHENAS,1005
270320,ATHENAS,935
270126,BALI,690
270226,BALI,745
270326,BALI,1160
270103,BARI,855
270203,BARI,1075
270303,BARI,1295
270206,BAROLO,1235
270306,BAROLO,1430
270130,BELLA,935
270230,BELLA,860
270330,BELLA,1465
270138,BETTINA,995
270238,BETTINA,1395
270338,BETTINA,995
270110,BIANCA,840
270210,BIANCA,1030
270310,BIANCA,1490
270108,BRAXTON,790
270208,BRAXTON,1165
270308,BRAXTON,1490
270185,BRAXTON ARKANSAS,675
270285,BRAXTON ARKANSAS,995
270385,BRAXTON ARKANSAS,1340
2212010501,BRETANA,790
2213010501,BRETANA,1435
2211010591,BRETANA,995
2212012301,BRISAS,890
2213012301,BRISAS,1195
2211012301,BRISAS,810
2212012401,BRUNELLA,1040
2213012401,BRUNELLA,1660
2211012401,BRUNELLA,940
270159,CANAVARO,765
270259,CANAVARO,1335
270359,CANAVARO,1005
270170,CASILLAS,940
270270,CASILLAS,1095
270370,CASILLAS,1670
270246,CHELSEA,860
270346,CHELSEA,1120
2701A4,CHICAGO,865
2702A4,CHICAGO,1305
2703A4,CHICAGO,1290
270154,CONCA,750
270254,CONCA,870
270354,CONCA,1450
270193,CONTEMPO,915
270293,CONTEMPO,820
270393,CONTEMPO,1485
2701BE,DANICA,640
2702BE,DANICA,990
2703BE,DANICA,1685
2701AB,DEL PIERO,825
2702AB,DEL PIERO,1350
2703AB,DEL PIERO,1385
270135,DIDA,795
270235,DIDA,1385
270335,DIDA,920
270151,DIVO,690
270251,DIVO,885
270351,DIVO,1435
2701BN,DUAL,855
2702BN,DUAL,885
2703BN,DUAL,1615
2212010201,DUNIA,1320
2213010201,DUNIA,925
2701BP,DURHAM,925
2702BP,DURHAM,835
2703BP,DURHAM,1395
2701AX,ECONOMICO 001,865
2702AX,ECONOMICO 001,1215
2703AX,ECONOMICO 001,1115
2701B7,ECONOMICO VN-002,645
2702B7,ECONOMICO VN-002,925
2703B7,ECONOMICO VN-002,1525
2701B8,ECONOMICO VN-003,960
2702B8,ECONOMICO VN-003,895
2703B8,ECONOMICO VN-003,1310
270139,ELIZABETH,685
270239,ELIZABETH,715
270339,ELIZABETH,1525
2211013101,ESPFIBRAA,960
2212013101,ESPFIBRAA,1025
2213013101,ESPFIBRAA,1435
270141,ESTEFAN,710
270241,ESTEFAN,1110
2213013201,ESTEFAN,1295
2701AL,ESTEFAN II,600
2702AL,ESTEFAN II,925
2703AL,ESTEFAN II,1460
270195,FARFAN,945
270295,FARFAN,835
270395,FARFAN,1055
270266,FERRARI,795
270366,FERRARI,915
270114,FLORENCIA,830
270214,FLORENCIA,960
270314,FLORENCIA,1380
270118,FLORIDA,740
270218,FLORIDA,755
270318,FLORIDA,1155
270175,G&S,900
270275,G&S,1215
270375,G&S,955
270133,GENOVA,700
270233,GENOVA,780
270333,GENOVA,1675
2701A5,GENOVA I,685
2702A5,GENOVA I,1355
2703A5,GENOVA I,1480
270162,GHANA,790
270262,GHANA,1255
270362,GHANA,1160
270131,GIOVANA,815
270231,GIOVANA,875
270331,GIOVANA,1245
270124,GRANADA,960
270224,GRANADA,980
270324,GRANADA,1625
2701A3,GRECO,730
2702A3,GRECO,760
2703A3,GRECO,1100
270107,GSU,750
270207,GSU,745
270307,GSU,1650
270191,HAMBURG,935
270291,HAMBURG,1225
270391,HAMBURG,1250
270155,HENRY,835
270255,HENRY,700
270355,HENRY,1565
470201,HWCS - MOD SF-JN-1204-2,1050
270109,IMAN,795
270209,IMAN,950
270309,IMAN,1205
270197,IMAN PU,640
270297,IMAN PU,1165
270397,IMAN PU,1530
2701C2,JIME,780
2702C2,JIME,1205
2703C2,JIME,1500
270136,KAFU,915
270236,KAFU,730
270336,KAFU,1070
270194,KUBICA,830
270294,KUBICA,1100
270394,KUBICA,1585
270116,LAZIO,795
270316,LAZIO,1055
2702AD,LEONARD,1370
270137,LISBOA,915
270237,LISBOA,1085
270337,LISBOA,1420
270123,LORD,740
270223,LORD,855
270323,LORD,1300
270198,LYON,915
270398,LYON,1060
2212010191,LYON,1220
270112,MADRAS,740
270212,MADRAS,1200
2213013691,MADRAS,1415
270182,MADRAS PU,765
270282,MADRAS PU,1060
270382,MADRAS PU,1580
2701AH,MADRAS SD,935
2702AH,MADRAS SD,715
2703AH,MADRAS SD,1430
270113,MALAGA,600
270213,MALAGA,780
270313,MALAGA,1255
270145,MANCHESTER,795
270245,MANCHESTER,1030
270453,MANCHESTER,900
2701C1,MANTOVA,840
2703C1,MANTOVA,1135
2212013701,MANTOVA,955
2701BF,MARSELLA,685
2702BF,MARSELLA,1300
2212013801,MARSELLA,1335
2213013801,MARSELLA,1460
2701BI,MATERAZZI,910
2702BI,MATERAZZI,1360
2213013991,MATERAZZI,1085
270268,MCLAREN,785
270368,MCLAREN,1115
2701B4,MEDIA 001 CHENILLE,740
2702B4,MEDIA 001 CHENILLE,815
2703B4,MEDIA 001 CHENILLE,1095
2702BC,MEDIA 001 PU,895
2703BC,MEDIA 001 PU,1285
2702AT,MEDIA 001 VN,785
2703AT,MEDIA 001 VN,1230
2701BD,MEDIA 002 CHENILLE,670
2702BD,MEDIA 002 CHENILLE,830
2703BD,MEDIA 002 CHENILLE,1620
2701AP,MEDIA 002 VN,735
2702AP,MEDIA 002 VN,1120
2703AP,MEDIA 002 VN,1650
2701B3,MEDIA 003 PU,755
2702B3,MEDIA 003 PU,1050
2703B3,MEDIA 003 PU,1380
2701AQ,MEDIA 003 VN,715
2702AQ,MEDIA 003 VN,1280
2703AQ,MEDIA 003 VN,1200
2701B6,MEDIA 004 PU,830
2702B6,MEDIA 004 PU,1100
2703B6,MEDIA 004 PU,1420
2701B2,MEDIA 004 VN,950
2702B2,MEDIA 004 VN,1320
2703B2,MEDIA 004 VN,1050
2701B9,MEDIA 005 VN,800
2702B9,MEDIA 005 VN,1350
2703B9,MEDIA 005 VN,1280
270281,MESSI,1380
270381,MESSI,1610
2701C6,METZ,840
2702C6,METZ,910
2703C6,METZ,1270
270149,MILAN,650
270249,MILAN,770
270349,MILAN,940
270A73,MODERNO MODULAR,815
270B73,MODERNO MODULAR,1240
270256,MONACO,1150
270356,MONACO,950
270248,MUNICH,730
270348,MUNICH,930
270201,MURANO,1260
270301,MURANO,1260
270219,MUSSA,1340
270319,MUSSA,1240
2702C5,NANTES,1105
2703C5,NANTES,905
2211014101,NANTES,790
2701A7,NAPOLES,695
2702A7,NAPOLES,1380
2703A7,NAPOLES,1580
270144,NEW CASTLE,720
270244,NEW CASTLE,1320
270344,NEW CASTLE,1020
270111,NICOLE,945
270211,NICOLE,725
270311,NICOLE,1525
270125,NOA,740
270225,NOA,1250
2213014201,NOA,1650
270128,NOA TELA,785
270228,NOA TELA,1295
270328,NOA TELA,1695
2701A9,NUVA,755
2702A9,NUVA,1390
2703A9,NUVA,1390
2701BL,OPTERON,925
2702BL,OPTERON,810
2703BL,OPTERON,910
2701AA,PACIFIC,840
2702AA,PACIFIC,1065
2703AA,PACIFIC,1665
2701AM,PACIFIC VN,705
2702AM,PACIFIC VN,860
2703AM,PACIFIC VN,1460
270284,PADUA,1310
270384,PADUA,1010
270164,PAOLO,965
270264,PAOLO,1000
2213014301,PAOLO,1300
270157,PARIS,840
270257,PARIS,925
270357,PARIS,1325
2702A2,PISSANO,1215
2703A2,PISSANO,1615
270179,PRAGA,605
270279,PRAGA,945
270186,PRAGA II,740
270286,PRAGA II,1320
270386,PRAGA II,1545
2211014401,PROVENCE,665
2212014401,PROVENCE,805
2213014491,PROVENCE,1120
2701BO,QUAD,835
2702BO,QUAD,760
2703BO,QUAD,1405
2701C4,QUEBEC,880
2702C4,QUEBEC,820
2703C4,QUEBEC,1560
270189,RAUL,795
270289,RAUL,780
270389,RAUL,1020
270269,REAL,745
218310,RECLINABLE ASHLEY,1280
270216,RIZZOLI  LAZIO,920
270105,ROMA,600
270205,ROMA,740
270305,ROMA,1145
270127,SAFIRA,715
270227,SAFIRA,1250
270327,SAFIRA,1620
2706AU,SECCIONAL ALTA 001 CHENILLE,1140
2706AS,SECCIONAL ALTA 002 PU,1450
409002,SEGELL,995
2701AC,SICILIA,995
2702AC,SICILIA,1015
2703AC,SICILIA,1295
2701AK,SICILIA TS - SA,745
2702AK,SICILIA TS - SA,815
2703AK,SICILIA TS - SA,1015
270267,SPYKER,1210
270367,SPYKER,1115
270229,TEMPO,705
270329,TEMPO,1410
270274,TEMPO VINIL-EBEL,1120
270132,TERRACOTA,750
270232,TERRACOTA,1065
270332,TERRACOTA,1205
270122,TORONTO,730
270222,TORONTO,1325
270322,TORONTO,1220
270142,TOTI,815
270242,TOTI,1020
270342,TOTI,1165
2702AG,TRACOL,810
2703AG,TRACOL,1225
270187,TRENTO,985
270287,TRENTO,1025
270387,TRENTO,1420
270104,TRENZA,640
270204,TRENZA,725
270304,TRENZA,1310
2701A1,TRENZA ECONOMICO,850
2702A1,TRENZA ECONOMICO,1340
2703A1,TRENZA ECONOMICO,1325
2701AI,TRENZA ECONOMICO TS,905
2702AI,TRENZA ECONOMICO TS,940
2703AI,TRENZA ECONOMICO TS,1525
270271,VALENCIA,1135
270371,VALENCIA,940
270283,VALENCIA SD,1265
270383,VALENCIA SD,1040
270117,VANIA,755
270217,VANIA,1175
270317,VANIA,1435
2702A8,VARSOVIA,845
2703A8,VARSOVIA,1365
270121,VENECIA,950
270221,VENECIA,1210
270321,VENECIA,1575
270188,VERON,850
270288,VERON,815
270388,VERON,1545
270258,VERONA,1210
270358,VERONA,1210
2702A6,VERONA I,715
2703A6,VERONA I,915
270202,VERSO,725
270302,VERSO,1610
270180,ZANETTI,850
270280,ZANETTI,1000
270380,ZANETTI,1015
270160,ZICO,735
270260,ZICO,970
270360,ZICO,1225
270143,ZIDANE,790
270243,ZIDANE,1335
270343,ZIDANE,1500
270115,ZIENTTE,825
270215,ZIENTTE,835
270315,ZIENTTE,1370
2945000108,ACTIBIO,60
2415070102,AIR,65
276FDN,AIRCOOL,90
276EDL,AIRFRESH FIRM,100
286594,ANTIACARO,150
2865F4,ANTIMOSQUITO,50
276JDG,ANTISTRESS,200
276FDH,BEAUTYREST,75
286056,CONTOUR,65
276GDS,DISNEY,140
296002,HIPERTRANSPIRANTE,120
2945000103,INTELLIFRESH,30
2767JU,LATEX GEL,130
296001,LUXURY,125
2415000107,LUXURY,75
2415000119,MEMORY FOAM,190
2865B4,ORGANICO,35
276FDE,PLATA,100
2867AE,SATEN,170
286586,SATEN ELITE,55
2867QK,SATEN LATEX,110
28668C,SATEN MICROFIBRA,115
2415000121,STAR WARS,200
286055,TERMOREGULABLE,65
2865S4,ANTIPEELING,50
286544,MEMORY FOAM,55
286437,VENTUS FIRM,120
286300,VENTUS SOFT,40
286CVG,LUMBAR,170
2765TU,ACTIBIO,175
276KTU,PLATA,45
2862T3,CONTOUR,120
2945000005,HIPERTRANSPIRANTE,115
27654U,INTELLIFRESH,180
2862Y3,BEAUTYREST,55
2860Z2,AIRCOOL,80
2860I6,VENTUS FIRM,95
2867II,VENTUS SOFT,125
286213,ANTISTRESS,50
276DKV,AIR,35
2863VN,TRADICIONAL BAMBOO,45
286ECD,VENTUS SOFT,160
276F8N,AIR,200
2415000110,ANTISTRESS,40
276FSH,HIPERTRANSPIRANTE,75
276FSE,ULTRA SOFT,155
4424050001,AIR,195
418102,MEMORY FOAM SERTA,40
8008,STANDARD,125
286878,AIR,75
286011,ANCHO,135
276DCV,BEAUTYREST,90
276GCX,CARBONO,45
276DCU,CARBONO LATEX,90
2868D8,MICROFIBRA,40
2768IQ,AIR,170
2767IH,VENTUS SOFT,80
2866HI,AIR,120
2866HJ,AIRCOOL,155
286G010001,ANTISTRESS,65
4434020001,BAMBOO CHARCOAL CONTOUR,160
4434020002,BAMBOO CHARCOAL ERGO,165
2765AU,CELESTIAL,200
27658U,FIBRA EST,50
418101,GEL QUEEN,45
276KCU,CARBONO,90
8010,KING,75
8011,KING COOL,125
8002,QUEEN,45
8001,STANDARD,110
286KJI,VENTUS,90
286CCG,DISNEY,70
418303,ENROLLADA,90
276LFY,INTELLIFRESH,100
276FFL,TERMOREGULABLE,145
286022,ENROLLADA,45
400101,GANSO,85
400201,STANDARD,50
2869UL,AIR,95
2415000209,INTELLIFRESH,190
286370,MEMORY FOAM,135
286F20,AIRCOOL,100
418201,AIR,45
296384,CERVICAL ANTIACARO,75
2434010001,CERVICAL CIC,70
286DW1,FOAM ANTIACAROS,85
2863V1,FOAM BAMBOO,100
296343,FROZEN,105
2434010002,INYECTADA,120
418302,OXYGEL CONTOUR,130
418301,OXYGEL STANDARD,105
2434000005,STAR WARS,110
286DMA,TECHNODREAM,200
418004,APOYO LUMBAR,155
418005,CERVICAL,50
418011,CONTOUR,90
418008,ESPUMA,160
418007,ESPUMA CERVICAL,45
418003,NECK,40
286DK1,RELAX,130
418010,SOFT,160
418001,STD,130
418012,TECHNODREAM,70
2865PD,CELLIANT SOFT,55
286D0B,CERVICAL,75
2863CB,CERVICAL BAMBOO,130
276DNA,THERMOCONTROL,110
286D0A,TRADICIONAL,150
2863CA,TRADICIONAL BAMBOO,195
286A0D,TRAVEL,55
286ACD,TRAVEL IBISBAMBOO,85