270263,2 CUERPO
270363,3 CUERPO
270190,1 CUERPO
270290,2 CUERPO
270390,3 CUERPO
270340,3 CUERPO
270176,1 CUERPO
270276,2 CUERPO
270376,3 CUERPO
2703AR,3 CUERPO
2701AV,1 CUERPO
2702AW,2 CUERPO
2703AW,3 CUERPO
2702B5,2 CUERPO
2703B5,3 CUERPO
2702AZ,2 CUERPO
2703AZ,3 CUERPO
270199,1 CUERPO
270299,2 CUERPO
270399,3 CUERPO
270150,1 CUERPO
270250,2 CUERPO
270350,3 CUERPO
270153,1 CUERPO
270253,2 CUERPO
270353,3 CUERPO
2211010301,1 CUERPO
2212010301,2 CUERPO
2213010301,3 CUERPO
2701AF,1 CUERPO
2702AF,2 CUERPO
2703AF,3 CUERPO
2701AY,1 CUERPO
2702AY,2 CUERPO
2703AY,3 CUERPO
2701BG,1 CUERPO
2702BG,2 CUERPO
2703BG,3 CUERPO
2701AN,1 CUERPO
2702AN,2 CUERPO
2703AN,3 CUERPO
270247,2 CUERPO
270347,3 CUERPO
2701AE,1 CUERPO
2702AE,2 CUERPO
2703AE,3 CUERPO
270161,1 CUERPO
270261,2 CUERPO
270361,3 CUERPO
270165,1 CUERPO
270365,3 CUERPO
270220,2 CUERPO
270320,3 CUERPO
270126,1 CUERPO
270226,2 CUERPO
270326,3 CUERPO
270103,1 CUERPO
270203,2 CUERPO
270303,3 CUERPO
270206,2 CUERPO
270306,3 CUERPO
270130,1 CUERPO
270230,2 CUERPO
270330,3 CUERPO
270138,1 CUERPO
270238,2 CUERPO
270338,3 CUERPO
270110,1 CUERPO
270210,2 CUERPO
270310,3 CUERPO
270108,1 CUERPO
270208,2 CUERPO
270308,3 CUERPO
270185,1 CUERPO
270285,2 CUERPO
270385,3 CUERPO
2212010501,2 CUERPO
2213010501,3 CUERPO
2211010591,1 CUERPO
2212012301,2 CUERPO
2213012301,3 CUERPO
2211012301,1 CUERPO
2212012401,2 CUERPO
2213012401,3 CUERPO
2211012401,1 CUERPO
270159,1 CUERPO
270259,2 CUERPO
270359,3 CUERPO
270170,1 CUERPO
270270,2 CUERPO
270370,3 CUERPO
270246,2 CUERPO
270346,3 CUERPO
2701A4,1 CUERPO
2702A4,2 CUERPO
2703A4,3 CUERPO
270154,1 CUERPO
270254,2 CUERPO
270354,3 CUERPO
270193,1 CUERPO
270293,2 CUERPO
270393,3 CUERPO
2701BE,1 CUERPO
2702BE,2 CUERPO
2703BE,3 CUERPO
2701AB,1 CUERPO
2702AB,2 CUERPO
2703AB,3 CUERPO
270135,1 CUERPO
270235,2 CUERPO
270335,3 CUERPO
270151,1 CUERPO
270251,2 CUERPO
270351,3 CUERPO
2701BN,1 CUERPO
2702BN,2 CUERPO
2703BN,3 CUERPO
2212010201,2 CUERPO
2213010201,3 CUERPO
2701BP,1 CUERPO
2702BP,2 CUERPO
2703BP,3 CUERPO
2701AX,1 CUERPO
2702AX,2 CUERPO
2703AX,3 CUERPO
2701B7,1 CUERPO
2702B7,2 CUERPO
2703B7,3 CUERPO
2701B8,1 CUERPO
2702B8,2 CUERPO
2703B8,3 CUERPO
270139,1 CUERPO
270239,2 CUERPO
270339,3 CUERPO
2211013101,1 CUERPO
2212013101,2 CUERPO
2213013101,3 CUERPO
270141,1 CUERPO
270241,2 CUERPO
2213013201,3 CUERPO
2701AL,1 CUERPO
2702AL,2 CUERPO
2703AL,3 CUERPO
270195,1 CUERPO
270295,2 CUERPO
270395,3 CUERPO
270266,2 CUERPO
270366,3 CUERPO
270114,1 CUERPO
270214,2 CUERPO
270314,3 CUERPO
270118,1 CUERPO
270218,2 CUERPO
270318,3 CUERPO
270175,1 CUERPO
270275,2 CUERPO
270375,3 CUERPO
270133,1 CUERPO
270233,2 CUERPO
270333,3 CUERPO
2701A5,1 CUERPO
2702A5,2 CUERPO
2703A5,3 CUERPO
270162,1 CUERPO
270262,2 CUERPO
270362,3 CUERPO
270131,1 CUERPO
270231,2 CUERPO
270331,3 CUERPO
270124,1 CUERPO
270224,2 CUERPO
270324,3 CUERPO
2701A3,1 CUERPO
2702A3,2 CUERPO
2703A3,3 CUERPO
270107,1 CUERPO
270207,2 CUERPO
270307,3 CUERPO
270191,1 CUERPO
270291,2 CUERPO
270391,3 CUERPO
270155,1 CUERPO
270255,2 CUERPO
270355,3 CUERPO
470201,2 CUERPO
270109,1 CUERPO
270209,2 CUERPO
270309,3 CUERPO
270197,1 CUERPO
270297,2 CUERPO
270397,3 CUERPO
2701C2,1 CUERPO
2702C2,2 CUERPO
2703C2,3 CUERPO
270136,1 CUERPO
270236,2 CUERPO
270336,3 CUERPO
270194,1 CUERPO
270294,2 CUERPO
270394,3 CUERPO
270116,1 CUERPO
270316,3 CUERPO
2702AD,2 CUERPO
270137,1 CUERPO
270237,2 CUERPO
270337,3 CUERPO
270123,1 CUERPO
270223,2 CUERPO
270323,3 CUERPO
270198,1 CUERPO
270398,3 CUERPO
2212010191,2 CUERPO
270112,1 CUERPO
270212,2 CUERPO
2213013691,3 CUERPO
270182,1 CUERPO
270282,2 CUERPO
270382,3 CUERPO
2701AH,1 CUERPO
2702AH,2 CUERPO
2703AH,3 CUERPO
270113,1 CUERPO
270213,2 CUERPO
270313,3 CUERPO
270145,1 CUERPO
270245,2 CUERPO
270453,3 CUERPO
2701C1,1 CUERPO
2703C1,3 CUERPO
2212013701,2 CUERPO
2701BF,1 CUERPO
2702BF,2 CUERPO
2212013801,2 CUERPO
2213013801,3 CUERPO
2701BI,1 CUERPO
2702BI,2 CUERPO
2213013991,3 CUERPO
270268,2 CUERPO
270368,3 CUERPO
2701B4,1 CUERPO
2702B4,2 CUERPO
2703B4,3 CUERPO
2702BC,2 CUERPO
2703BC,3 CUERPO
2702AT,2 CUERPO
2703AT,3 CUERPO
2701BD,1 CUERPO
2702BD,2 CUERPO
2703BD,3 CUERPO
2701AP,1 CUERPO
2702AP,2 CUERPO
2703AP,3 CUERPO
2701B3,1 CUERPO
2702B3,2 CUERPO
2703B3,3 CUERPO
2701AQ,1 CUERPO
2702AQ,2 CUERPO
2703AQ,3 CUERPO
2701B6,1 CUERPO
2702B6,2 CUERPO
2703B6,3 CUERPO
2701B2,1 CUERPO
2702B2,2 CUERPO
2703B2,3 CUERPO
2701B9,1 CUERPO
2702B9,2 CUERPO
2703B9,3 CUERPO
270281,2 CUERPO
270381,3 CUERPO
2701C6,1 CUERPO
2702C6,2 CUERPO
2703C6,3 CUERPO
270149,1 CUERPO
270249,2 CUERPO
270349,3 CUERPO
270A73,1 CUERPO
270B73,2 CUERPO
270256,2 CUERPO
270356,3 CUERPO
270248,2 CUERPO
270348,3 CUERPO
270201,2 CUERPO
270301,3 CUERPO
270219,2 CUERPO
270319,3 CUERPO
2702C5,2 CUERPO
2703C5,3 CUERPO
2211014101,1 CUERPO
2701A7,1 CUERPO
2702A7,2 CUERPO
2703A7,3 CUERPO
270144,1 CUERPO
270244,2 CUERPO
270344,3 CUERPO
270111,1 CUERPO
270211,2 CUERPO
270311,3 CUERPO
270125,1 CUERPO
270225,2 CUERPO
2213014201,3 CUERPO
270128,1 CUERPO
270228,2 CUERPO
270328,3 CUERPO
2701A9,1 CUERPO
2702A9,2 CUERPO
2703A9,3 CUERPO
2701BL,1 CUERPO
2702BL,2 CUERPO
2703BL,3 CUERPO
2701AA,1 CUERPO
2702AA,2 CUERPO
2703AA,3 CUERPO
2701AM,1 CUERPO
2702AM,2 CUERPO
2703AM,3 CUERPO
270284,2 CUERPO
270384,3 CUERPO
270164,1 CUERPO
270264,2 CUERPO
2213014301,3 CUERPO
270157,1 CUERPO
270257,2 CUERPO
270357,3 CUERPO
2702A2,2 CUERPO
2703A2,3 CUERPO
270179,1 CUERPO
270279,2 CUERPO
270186,1 CUERPO
270286,2 CUERPO
270386,3 CUERPO
2211014401,1 CUERPO
2212014401,2 CUERPO
2213014491,3 CUERPO
2701BO,1 CUERPO
2702BO,2 CUERPO
2703BO,3 CUERPO
2701C4,1 CUERPO
2702C4,2 CUERPO
2703C4,3 CUERPO
270189,1 CUERPO
270289,2 CUERPO
270389,3 CUERPO
270269,2 CUERPO
218310,3 CUERPO
270216,2 CUERPO
270105,1 CUERPO
270205,2 CUERPO
270305,3 CUERPO
270127,1 CUERPO
270227,2 CUERPO
270327,3 CUERPO
2706AU,3 CUERPO
2706AS,3 CUERPO
409002,2 CUERPO
2701AC,1 CUERPO
2702AC,2 CUERPO
2703AC,3 CUERPO
2701AK,1 CUERPO
2702AK,2 CUERPO
2703AK,3 CUERPO
270267,2 CUERPO
270367,3 CUERPO
270229,2 CUERPO
270329,3 CUERPO
270274,2 CUERPO
270132,1 CUERPO
270232,2 CUERPO
270332,3 CUERPO
270122,1 CUERPO
270222,2 CUERPO
270322,3 CUERPO
270142,1 CUERPO
270242,2 CUERPO
270342,3 CUERPO
2702AG,2 CUERPO
2703AG,3 CUERPO
270187,1 CUERPO
270287,2 CUERPO
270387,3 CUERPO
270104,1 CUERPO
270204,2 CUERPO
270304,3 CUERPO
2701A1,1 CUERPO
2702A1,2 CUERPO
2703A1,3 CUERPO
2701AI,1 CUERPO
2702AI,2 CUERPO
2703AI,3 CUERPO
270271,2 CUERPO
270371,3 CUERPO
270283,2 CUERPO
270383,3 CUERPO
270117,1 CUERPO
270217,2 CUERPO
270317,3 CUERPO
2702A8,2 CUERPO
2703A8,3 CUERPO
270121,1 CUERPO
270221,2 CUERPO
270321,3 CUERPO
270188,1 CUERPO
270288,2 CUERPO
270388,3 CUERPO
270258,2 CUERPO
270358,3 CUERPO
2702A6,2 CUERPO
2703A6,3 CUERPO
270202,2 CUERPO
270302,3 CUERPO
270180,1 CUERPO
270280,2 CUERPO
270380,3 CUERPO
270160,1 CUERPO
270260,2 CUERPO
270360,3 CUERPO
270143,1 CUERPO
270243,2 CUERPO
270343,3 CUERPO
270115,1 CUERPO
270215,2 CUERPO
270315,3 CUERPO